date,aqi,pm25,pm10,co,o3,no2,so2,temperature,humidity,holiday,retail and recreation,grocery and pharmacy,parks,transit stations,workplaces,residential,new_confirmed
2020-02-25,67.33333333333333,34.0,12.0,3.7,10.2,7.4,0.6,25.2,82.0,1,-34.0,-25.0,17.0,-46.0,-66.0,14.0,1
2020-02-26,50.0,25.0,10.0,4.6,5.3,11.5,1.6,22.0,95.0,1,-23.0,-7.0,-39.0,-19.0,-15.0,7.0,0
2020-02-27,42.0,21.0,10.0,2.8,12.6,8.7,0.6,17.7,92.0,1,-6.0,9.0,-12.0,5.0,10.0,1.0,0
2020-02-28,50.0,25.0,16.0,2.8,8.6,11.0,1.1,18.3,84.3,1,-2.0,7.0,-7.0,7.0,14.0,0.0,1
2020-02-29,59.166666666666664,30.0,10.0,3.7,9.0,8.7,0.6,20.0,92.5,1,7.0,13.0,13.0,6.0,6.0,2.0,0
2020-03-01,34.0,17.0,6.0,2.8,13.0,4.2,0.6,18.8,89.5,1,0.0,11.0,14.0,-2.0,0.0,4.0,0
2020-03-02,50.0,25.0,10.0,2.8,11.8,7.8,0.6,20.2,85.2,0,-4.0,1.0,-18.0,10.0,15.0,-1.0,0
2020-03-03,42.0,21.0,9.0,3.7,11.0,9.2,0.6,18.1,89.5,0,-3.0,4.0,-11.0,8.0,12.0,-1.0,0
2020-03-04,67.33333333333333,34.0,15.0,2.8,9.4,10.1,1.1,23.4,69.5,0,-1.0,5.0,-2.0,10.0,14.0,-2.0,1
2020-03-05,67.33333333333333,34.0,17.0,2.8,8.6,9.6,0.6,19.4,75.5,0,5.0,12.0,9.0,14.0,15.0,-2.0,3
2020-03-06,75.5,38.0,20.0,2.8,11.4,9.2,1.1,19.6,72.8,0,10.0,15.0,24.0,17.0,19.0,-3.0,0
2020-03-07,83.66666666666666,42.0,20.0,2.8,14.3,7.4,1.1,20.5,71.5,0,16.0,20.0,19.0,16.0,8.0,-1.0,6
2020-03-08,83.66666666666666,42.0,18.0,2.8,12.6,7.8,1.1,19.5,81.0,0,6.0,13.0,26.0,6.0,2.0,1.0,3
2020-03-09,100.0,50.0,20.0,2.8,15.5,11.5,1.6,22.2,75.5,0,3.0,9.0,2.0,14.0,16.0,-2.0,0
2020-03-10,109.16666666666667,55.0,24.0,2.8,19.1,11.5,1.1,22.5,76.0,0,3.0,6.0,-1.0,11.0,15.0,-2.0,3
2020-03-11,113.25,57.0,27.0,2.8,18.3,11.0,1.1,21.6,79.6,0,2.0,6.0,6.0,12.0,14.0,-2.0,11
2020-03-12,113.25,57.0,27.0,2.8,17.1,12.8,1.1,21.8,81.0,0,3.0,12.0,10.0,13.0,14.0,-2.0,15
2020-03-13,139.79166666666666,70.0,32.0,3.7,25.6,14.7,1.1,22.6,78.7,0,1.0,12.0,14.0,11.0,16.0,-2.0,0
2020-03-14,135.70833333333331,68.0,30.0,3.7,27.7,9.6,1.1,22.2,82.0,0,-2.0,15.0,7.0,2.0,6.0,1.0,18
2020-03-15,109.16666666666667,55.0,21.0,3.7,19.9,8.3,0.6,23.6,73.0,0,-14.0,13.0,21.0,-7.0,0.0,2.0,0
2020-03-16,83.66666666666666,42.0,20.0,3.7,16.3,13.8,1.1,24.0,68.0,0,-15.0,9.0,-15.0,-8.0,3.0,3.0,83
2020-03-17,83.66666666666666,42.0,16.0,3.7,17.1,12.4,0.6,21.9,82.0,0,-24.0,10.0,-27.0,-21.0,-6.0,7.0,11
2020-03-18,121.41666666666666,61.0,25.0,3.7,20.8,16.5,1.1,22.9,83.0,0,-31.0,13.0,-24.0,-27.0,-13.0,9.0,58
2020-03-19,129.58333333333334,65.0,28.0,4.6,14.7,18.8,1.1,25.0,80.6,0,-36.0,16.0,-31.0,-34.0,-21.0,12.0,45
2020-03-20,67.33333333333333,34.0,13.0,3.7,13.0,13.8,0.6,21.8,82.6,0,-54.0,4.0,-35.0,-42.0,-29.0,17.0,47
2020-03-21,75.5,38.0,13.0,2.8,17.5,6.4,0.6,20.0,82.0,0,-68.0,-11.0,-66.0,-52.0,-35.0,18.0,0
2020-03-22,59.166666666666664,30.0,11.0,1.9,16.7,4.2,0.6,19.4,77.0,0,-73.0,-26.0,-67.0,-59.0,-35.0,17.0,0
2020-03-23,50.0,25.0,12.0,1.9,15.1,6.0,1.1,19.0,75.2,0,-68.0,-21.0,-62.0,-61.0,-50.0,23.0,0
2020-03-24,50.0,25.0,12.0,1.9,13.9,6.0,1.1,19.0,77.0,0,-75.0,-30.0,-67.0,-67.0,-58.0,27.0,0
2020-03-25,59.166666666666664,30.0,14.0,1.9,13.5,6.9,1.1,18.0,77.7,0,-75.0,-28.0,-64.0,-66.0,-60.0,28.0,416
2020-03-26,75.5,38.0,18.0,2.8,13.5,8.7,1.1,18.8,77.0,0,-74.0,-25.0,-60.0,-66.0,-59.0,27.0,177
2020-03-27,91.83333333333333,46.0,18.0,2.8,15.9,7.8,1.1,20.0,77.0,0,-73.0,-24.0,-56.0,-64.0,-57.0,28.0,145
2020-03-28,105.08333333333333,53.0,20.0,2.8,15.5,7.8,1.1,21.1,77.0,0,-74.0,-24.0,-63.0,-61.0,-47.0,20.0,0
2020-03-29,105.08333333333333,53.0,18.0,2.8,15.5,6.0,1.1,21.0,85.3,0,-76.0,-38.0,-69.0,-64.0,-41.0,18.0,0
2020-03-30,100.0,50.0,17.0,2.8,15.5,7.4,0.6,20.5,84.0,0,-70.0,-28.0,-60.0,-64.0,-57.0,25.0,189
2020-03-31,105.08333333333333,53.0,19.0,2.8,11.8,8.3,0.6,20.4,82.0,0,-69.0,-23.0,-61.0,-64.0,-58.0,25.0,652
2020-04-01,100.0,50.0,18.0,2.8,14.3,8.3,1.1,21.0,82.0,0,-68.0,-20.0,-55.0,-63.0,-57.0,26.0,533
2020-04-02,91.83333333333333,46.0,20.0,3.7,14.7,9.2,0.6,23.0,71.6,0,-69.0,-19.0,-54.0,-63.0,-58.0,26.0,397
2020-04-03,105.08333333333333,53.0,23.0,3.7,18.7,11.5,0.6,22.0,71.3,0,-72.0,-18.0,-54.0,-61.0,-55.0,27.0,387
2020-04-04,75.5,38.0,20.0,1.9,17.5,6.0,0.6,19.0,80.5,0,-71.0,-13.0,-58.0,-56.0,-43.0,19.0,294
2020-04-05,83.66666666666666,42.0,19.0,2.8,16.7,6.0,1.1,18.3,82.0,0,-73.0,-26.0,-57.0,-57.0,-36.0,16.0,116
2020-04-06,117.33333333333333,59.0,28.0,3.7,17.1,11.9,1.1,23.0,74.0,0,-69.0,-18.0,-55.0,-59.0,-53.0,24.0,142
2020-04-07,105.08333333333333,53.0,19.0,2.8,20.8,7.8,0.6,19.7,87.7,0,-68.0,-14.0,-60.0,-60.0,-55.0,24.0,504
2020-04-08,42.0,21.0,9.0,1.9,15.5,6.9,0.6,17.7,87.0,0,-67.0,-8.0,-57.0,-59.0,-54.0,24.0,689
2020-04-09,67.33333333333333,34.0,17.0,1.9,17.5,6.4,0.6,16.1,81.0,0,-62.0,12.0,-48.0,-56.0,-53.0,22.0,530
2020-04-10,75.5,38.0,18.0,1.9,21.6,6.4,1.1,17.0,77.0,1,-80.0,-29.0,-63.0,-75.0,-78.0,33.0,505
2020-04-11,75.5,38.0,16.0,1.9,19.5,4.6,0.6,17.7,80.6,1,-68.0,-10.0,-63.0,-56.0,-44.0,19.0,149
2020-04-12,59.166666666666664,30.0,11.0,1.9,17.9,3.7,0.6,17.2,77.6,1,-73.0,-24.0,-63.0,-57.0,-33.0,15.0,221
2020-04-13,83.66666666666666,42.0,18.0,2.8,15.1,8.3,1.1,17.4,82.0,1,-69.0,-24.0,-57.0,-60.0,-53.0,23.0,66
2020-04-14,109.16666666666667,55.0,23.0,3.7,11.4,11.9,1.1,19.1,77.7,1,-69.0,-25.0,-60.0,-62.0,-54.0,25.0,287
2020-04-15,83.66666666666666,42.0,20.0,3.7,11.8,12.4,1.1,20.0,71.5,1,-68.0,-20.0,-54.0,-60.0,-53.0,25.0,1059
2020-04-16,117.33333333333333,59.0,26.0,3.7,18.3,13.3,1.1,18.0,82.0,0,-67.0,-16.0,-51.0,-60.0,-53.0,24.0,144
2020-04-17,75.5,38.0,17.0,1.9,19.5,7.4,0.6,17.0,81.3,0,-68.0,-16.0,-50.0,-58.0,-51.0,25.0,836
2020-04-18,75.5,38.0,14.0,1.9,15.1,5.1,0.6,17.0,82.0,0,-67.0,-13.0,-58.0,-54.0,-37.0,18.0,684
2020-04-19,59.166666666666664,30.0,10.0,1.9,14.7,4.2,1.1,18.3,80.0,0,-71.0,-23.0,-55.0,-56.0,-32.0,16.0,240
2020-04-20,67.33333333333333,34.0,14.0,2.8,15.1,7.4,1.1,18.3,80.3,0,-65.0,-16.0,-55.0,-61.0,-58.0,24.0,147
2020-04-21,91.83333333333333,46.0,18.0,2.8,17.1,6.4,0.6,18.1,79.5,1,-76.0,-35.0,-61.0,-75.0,-76.0,30.0,527
2020-04-22,113.25,57.0,22.0,2.8,17.9,9.6,1.1,18.0,82.0,1,-66.0,-18.0,-52.0,-58.0,-50.0,23.0,349
2020-04-23,109.16666666666667,55.0,21.0,2.8,19.5,8.7,1.1,18.6,82.0,1,-66.0,-14.0,-49.0,-58.0,-50.0,23.0,534
2020-04-24,121.41666666666666,61.0,23.0,2.8,15.9,10.6,1.1,19.4,82.0,1,-66.0,-17.0,-46.0,-56.0,-48.0,24.0,575
2020-04-25,129.58333333333334,65.0,29.0,3.7,17.9,10.6,1.1,20.0,75.7,1,-66.0,-13.0,-52.0,-52.0,-34.0,17.0,1298
2020-04-26,147.95833333333331,74.0,32.0,3.7,25.6,9.6,1.1,20.0,68.0,1,-70.0,-23.0,-54.0,-55.0,-29.0,15.0,415
2020-04-27,100.0,50.0,19.0,1.9,20.8,6.9,1.1,18.3,82.0,0,-66.0,-22.0,-53.0,-58.0,-48.0,22.0,476
2020-04-28,83.66666666666666,42.0,18.0,2.8,13.5,11.0,1.1,19.0,77.0,0,-65.0,-20.0,-52.0,-58.0,-49.0,23.0,1408
2020-04-29,117.33333333333333,59.0,29.0,4.6,13.9,13.8,1.1,20.0,68.0,0,-65.0,-17.0,-48.0,-57.0,-48.0,23.0,1241
2020-04-30,169.0,85.0,51.0,7.3,13.0,25.6,1.1,21.0,63.0,0,-60.0,0.0,-43.0,-54.0,-48.0,20.0,1511
2020-05-01,159.0,80.0,40.0,5.5,14.7,13.8,0.6,20.0,82.0,1,-76.0,-25.0,-55.0,-72.0,-73.0,31.0,938
2020-05-02,61.02272727272727,76.0,37.0,5.5,18.7,9.2,0.6,19.0,85.5,1,-67.0,-11.0,-60.0,-55.0,-37.0,18.0,407
2020-05-03,50.0,25.0,14.0,1.9,19.9,3.2,1.1,16.2,76.0,1,-70.0,-22.0,-57.0,-56.0,-28.0,15.0,328
2020-05-04,75.5,38.0,19.0,2.8,15.1,9.2,1.1,17.0,80.7,1,-65.0,-17.0,-52.0,-56.0,-47.0,21.0,251
2020-05-05,129.58333333333334,65.0,37.0,4.6,14.7,16.0,1.1,20.0,56.0,1,-64.0,-13.0,-51.0,-57.0,-48.0,22.0,1067
2020-05-06,135.70833333333331,68.0,43.0,5.5,12.6,17.9,1.6,18.0,63.0,1,-65.0,-14.0,-53.0,-56.0,-48.0,23.0,2047
2020-05-07,42.0,21.0,13.0,1.9,14.3,6.9,0.6,14.0,86.0,0,-63.0,-3.0,-54.0,-56.0,-49.0,23.0,1086
2020-05-08,50.0,25.0,11.0,2.8,13.0,8.7,0.6,15.0,82.0,0,-62.0,1.0,-45.0,-52.0,-45.0,23.0,1094
2020-05-09,67.33333333333333,34.0,15.0,2.8,11.8,8.3,1.1,15.5,77.0,0,-59.0,9.0,-52.0,-45.0,-30.0,16.0,1420
2020-05-10,105.08333333333333,53.0,20.0,3.7,12.6,7.8,1.1,17.0,72.0,0,-64.0,-5.0,-57.0,-49.0,-15.0,13.0,520
2020-05-11,117.33333333333333,59.0,29.0,4.6,8.6,13.3,1.1,18.8,63.0,0,-68.0,-22.0,-55.0,-55.0,-48.0,23.0,464
2020-05-12,155.0,78.0,46.0,7.3,12.6,22.0,1.1,18.5,63.2,0,-66.0,-19.0,-54.0,-55.0,-49.0,23.0,911
2020-05-13,143.875,72.0,46.0,5.5,8.6,22.4,1.6,20.0,63.0,0,-66.0,-20.0,-52.0,-55.0,-49.0,24.0,1720
2020-05-14,109.16666666666667,55.0,20.0,3.7,9.8,12.8,0.6,17.7,86.0,0,-66.0,-18.0,-55.0,-56.0,-49.0,24.0,1471
2020-05-15,42.0,21.0,10.0,2.8,13.0,8.7,0.6,15.5,87.0,0,-66.0,-14.0,-51.0,-54.0,-47.0,25.0,2119
2020-05-16,91.83333333333333,46.0,17.0,2.8,11.4,9.2,0.6,16.1,83.6,0,-65.0,-10.0,-55.0,-48.0,-30.0,18.0,1437
2020-05-17,143.875,72.0,26.0,5.5,13.0,14.7,1.1,15.8,87.0,0,-69.0,-20.0,-54.0,-53.0,-22.0,16.0,502
2020-05-18,147.95833333333331,74.0,30.0,5.5,15.9,16.5,1.6,16.0,87.2,0,-63.0,-19.0,-52.0,-56.0,-46.0,22.0,257
2020-05-19,117.33333333333333,59.0,23.0,3.7,14.7,10.1,1.1,18.0,84.0,0,-61.0,-13.0,-51.0,-56.0,-46.0,22.0,1452
2020-05-20,117.33333333333333,59.0,25.0,3.7,13.0,12.4,1.1,18.0,84.6,0,-67.0,-16.0,-51.0,-63.0,-57.0,26.0,1826
2020-05-21,117.33333333333333,59.0,28.0,4.6,9.8,14.2,1.1,19.5,71.1,0,-67.0,-12.0,-51.0,-63.0,-59.0,26.0,1985
2020-05-22,125.5,63.0,35.0,4.6,9.8,14.7,1.1,22.2,62.5,0,-64.0,-9.0,-44.0,-55.0,-49.0,24.0,1522
2020-05-23,67.33333333333333,34.0,14.0,2.8,10.6,6.0,0.6,20.0,81.7,0,-66.0,-11.0,-62.0,-52.0,-30.0,18.0,1914
2020-05-24,42.0,21.0,9.0,1.9,13.5,4.6,0.6,13.3,76.0,0,-70.0,-20.0,-61.0,-56.0,-23.0,16.0,640
2020-05-25,50.0,25.0,12.0,1.9,16.7,6.0,0.6,14.1,60.4,0,-69.0,-21.0,-59.0,-66.0,-62.0,27.0,677
2020-05-26,75.5,38.0,20.0,3.7,15.1,12.4,1.1,13.8,62.0,0,-62.0,-13.0,-52.0,-55.0,-44.0,21.0,1350
2020-05-27,105.08333333333333,53.0,24.0,2.8,12.2,15.6,1.1,13.0,66.7,0,-62.0,-11.0,-47.0,-54.0,-45.0,22.0,1710
2020-05-28,100.0,50.0,21.0,3.7,11.4,14.2,1.6,13.0,82.7,0,-61.0,-7.0,-46.0,-54.0,-45.0,22.0,3455
2020-05-29,147.95833333333331,74.0,40.0,5.5,7.0,23.4,1.6,15.0,85.5,0,-60.0,-3.0,-39.0,-51.0,-41.0,21.0,3022
2020-05-30,216.66666666666666,109.0,57.0,12.7,8.6,25.2,1.6,16.0,71.0,0,-59.0,2.0,-48.0,-44.0,-21.0,14.0,2878
2020-05-31,193.0,97.0,50.0,9.1,12.2,20.6,1.1,17.2,58.0,0,-65.0,-10.0,-45.0,-49.0,-12.0,12.0,1512
2020-06-01,169.0,85.0,46.0,6.4,17.5,22.4,1.6,17.5,59.1,0,-60.0,-10.0,-48.0,-52.0,-42.0,19.0,995
2020-06-02,61.02272727272727,76.0,32.0,5.5,7.4,17.9,1.1,16.2,89.7,0,-63.0,-15.0,-59.0,-55.0,-44.0,22.0,3317
2020-06-03,135.70833333333331,68.0,27.0,5.5,8.6,14.7,1.1,17.0,89.0,0,-61.0,-8.0,-49.0,-52.0,-43.0,22.0,2334
2020-06-04,83.66666666666666,42.0,16.0,3.7,11.0,11.5,1.1,18.0,89.0,0,-60.0,-5.0,-46.0,-52.0,-43.0,22.0,2570
2020-06-05,129.58333333333334,65.0,26.0,6.4,7.8,16.0,1.1,18.6,89.0,0,-57.0,3.0,-40.0,-47.0,-39.0,21.0,2106
2020-06-06,129.58333333333334,65.0,30.0,5.5,9.0,14.2,1.1,19.3,82.0,0,-56.0,8.0,-50.0,-40.0,-19.0,14.0,2408
2020-06-07,67.33333333333333,34.0,14.0,3.7,10.2,8.3,0.6,19.5,82.0,0,-63.0,-5.0,-45.0,-46.0,-11.0,13.0,935
2020-06-08,105.08333333333333,53.0,21.0,5.5,7.4,14.7,1.1,20.0,83.2,0,-57.0,-6.0,-46.0,-49.0,-40.0,20.0,903
2020-06-09,125.5,63.0,32.0,7.3,7.0,18.3,1.1,20.3,82.0,0,-58.0,-8.0,-50.0,-51.0,-41.0,21.0,2327
2020-06-10,109.16666666666667,55.0,28.0,6.4,6.5,19.2,1.1,21.7,73.7,0,-55.0,-4.0,-40.0,-48.0,-40.0,20.0,2431
2020-06-11,113.25,57.0,32.0,5.5,12.2,16.5,1.1,22.4,64.0,1,-50.0,1.0,-37.0,-50.0,-45.0,21.0,2619
2020-06-12,159.0,80.0,44.0,10.0,5.7,27.9,1.6,21.7,66.8,1,-49.0,7.0,-30.0,-45.0,-38.0,20.0,2546
2020-06-13,163.0,82.0,44.0,9.1,9.8,19.2,1.1,20.9,69.0,1,-52.0,-1.0,-40.0,-39.0,-15.0,13.0,2403
2020-06-14,34.0,17.0,8.0,1.9,16.3,3.7,0.6,16.0,92.2,1,-64.0,-17.0,-62.0,-51.0,-13.0,14.0,3173
2020-06-15,42.0,21.0,10.0,2.8,12.6,8.7,0.6,16.6,87.0,1,-53.0,-11.0,-47.0,-48.0,-38.0,19.0,2250
2020-06-16,75.5,38.0,17.0,3.7,11.4,10.6,1.1,17.2,83.5,1,-53.0,-10.0,-45.0,-49.0,-39.0,20.0,4228
2020-06-17,83.66666666666666,42.0,20.0,2.8,11.8,11.9,1.1,18.0,74.2,0,-53.0,-8.0,-39.0,-47.0,-39.0,20.0,456
2020-06-18,100.0,50.0,23.0,4.6,7.8,15.1,1.1,18.1,67.0,0,-52.0,-4.0,-36.0,-47.0,-39.0,20.0,398
2020-06-19,117.33333333333333,59.0,34.0,6.4,7.8,21.1,1.6,19.3,64.2,0,-52.0,-2.0,-30.0,-44.0,-35.0,19.0,6877
2020-06-20,121.41666666666666,61.0,34.0,6.4,9.8,20.2,1.1,20.0,63.2,0,-49.0,4.0,-37.0,-36.0,-12.0,12.0,184
2020-06-21,139.79166666666666,70.0,37.0,10.0,7.4,15.1,1.1,20.5,64.7,0,-58.0,-8.0,-37.0,-44.0,-4.0,12.0,949
2020-06-22,91.09090909090908,76.0,44.0,8.2,11.8,21.5,1.6,19.6,63.5,0,-52.0,-11.0,-42.0,-47.0,-38.0,19.0,1191
2020-06-23,139.79166666666666,70.0,38.0,7.3,6.1,24.7,1.6,19.0,61.5,0,-52.0,-9.0,-41.0,-47.0,-39.0,19.0,2483
2020-06-24,117.33333333333333,59.0,35.0,5.5,8.6,23.8,1.1,19.2,53.7,0,-52.0,-8.0,-37.0,-46.0,-37.0,20.0,3047
2020-06-25,129.58333333333334,65.0,45.0,5.5,11.0,22.0,1.1,22.5,60.2,0,-52.0,-2.0,-34.0,-45.0,-38.0,19.0,4050
2020-06-26,50.0,25.0,12.0,3.7,9.4,13.3,0.6,17.0,89.0,0,-55.0,-4.0,-42.0,-46.0,-36.0,20.0,3852
2020-06-27,34.0,17.0,6.0,2.8,11.4,11.5,0.6,14.4,94.4,0,-59.0,-9.0,-64.0,-49.0,-21.0,17.0,1596
2020-06-28,34.0,17.0,6.0,1.9,14.3,5.5,0.6,13.8,92.0,0,-61.0,-10.0,-57.0,-49.0,-10.0,14.0,1346
2020-06-29,75.5,38.0,15.0,3.7,9.8,16.5,1.1,15.0,87.5,0,-50.0,-7.0,-44.0,-46.0,-36.0,19.0,907
2020-06-30,75.5,38.0,27.0,3.7,12.6,13.3,1.1,21.1,59.2,0,-48.0,2.0,-42.0,-45.0,-36.0,18.0,2107
2020-07-01,67.33333333333333,34.0,20.0,2.8,13.0,11.5,0.6,18.1,63.7,0,-49.0,2.0,-40.0,-45.0,-37.0,19.0,2209
2020-07-02,109.16666666666667,55.0,25.0,3.7,9.8,16.5,1.1,12.7,81.9,0,-46.0,9.0,-36.0,-43.0,-36.0,18.0,5656
2020-07-03,113.25,57.0,24.0,3.7,13.5,13.8,1.1,13.0,82.0,0,-47.0,8.0,-32.0,-41.0,-33.0,19.0,2090
2020-07-04,105.08333333333333,53.0,24.0,3.7,15.5,13.3,1.1,15.0,78.3,0,-41.0,17.0,-36.0,-31.0,-10.0,11.0,688
2020-07-05,135.70833333333331,68.0,33.0,5.5,11.0,14.7,0.6,18.8,76.2,0,-53.0,2.0,-35.0,-41.0,-3.0,11.0,2109
2020-07-06,135.70833333333331,68.0,33.0,4.6,15.5,17.9,1.1,18.8,75.9,0,-43.0,1.0,-40.0,-42.0,-35.0,17.0,360
2020-07-07,125.5,63.0,31.0,4.6,15.1,16.5,1.1,19.8,71.7,0,-41.0,7.0,-36.0,-41.0,-36.0,17.0,2271
2020-07-08,109.16666666666667,55.0,37.0,3.7,19.5,13.8,1.1,21.9,48.9,0,-42.0,6.0,-30.0,-40.0,-34.0,16.0,2071
2020-07-09,109.16666666666667,55.0,26.0,3.7,12.6,14.2,1.1,18.8,75.2,0,-41.0,8.0,-33.0,-41.0,-37.0,17.0,2166
2020-07-10,129.58333333333334,65.0,33.0,5.5,8.2,20.2,2.1,17.2,77.2,0,-42.0,10.0,-24.0,-37.0,-32.0,16.0,2692
2020-07-11,135.70833333333331,68.0,34.0,5.5,9.0,14.2,1.1,18.6,76.2,0,-38.0,12.0,-33.0,-28.0,-8.0,10.0,1934
2020-07-12,139.79166666666666,70.0,35.0,5.5,13.0,17.0,1.1,21.0,62.0,0,-49.0,0.0,-27.0,-37.0,-2.0,9.0,1441
2020-07-13,139.79166666666666,70.0,41.0,7.3,11.0,25.6,1.1,22.0,60.0,0,-43.0,-3.0,-29.0,-41.0,-34.0,16.0,1207
2020-07-14,59.166666666666664,30.0,12.0,3.7,11.4,11.5,0.6,16.6,87.0,0,-45.0,-4.0,-42.0,-43.0,-36.0,18.0,4789
2020-07-15,67.33333333333333,34.0,13.0,2.8,13.0,10.1,1.1,13.8,88.0,0,-44.0,-1.0,-41.0,-43.0,-34.0,18.0,1524
2020-07-16,91.83333333333333,46.0,20.0,4.6,11.8,13.8,1.1,15.5,85.8,0,-41.0,6.0,-33.0,-41.0,-34.0,17.0,1916
2020-07-17,71.04545454545455,76.0,39.0,6.4,7.0,22.0,1.1,16.6,88.5,0,-42.0,5.0,-23.0,-38.0,-31.0,17.0,1382
2020-07-18,155.0,78.0,39.0,6.4,8.2,19.2,1.1,18.0,82.5,0,-37.0,10.0,-32.0,-29.0,-7.0,11.0,1470
2020-07-19,135.70833333333331,68.0,30.0,4.6,12.2,11.0,1.1,18.0,73.7,0,-47.0,0.0,-24.0,-37.0,-2.0,10.0,979
2020-07-20,135.70833333333331,68.0,39.0,8.2,4.5,21.5,1.1,18.0,64.2,0,-41.0,2.0,-27.0,-40.0,-31.0,16.0,275
2020-07-21,143.875,72.0,43.0,8.2,6.5,24.3,1.6,19.0,62.8,0,-41.0,2.0,-27.0,-40.0,-32.0,17.0,1453
2020-07-22,169.0,85.0,50.0,8.2,14.3,27.5,1.6,19.4,62.3,0,-42.0,2.0,-22.0,-39.0,-32.0,17.0,3318
2020-07-23,169.0,85.0,46.0,6.4,17.1,27.5,1.6,19.0,65.0,0,-40.0,7.0,-19.0,-38.0,-32.0,17.0,2591
2020-07-24,71.04545454545455,76.0,42.0,6.4,9.8,27.5,1.6,19.6,63.0,0,-41.0,7.0,-10.0,-35.0,-29.0,16.0,2480
2020-07-25,125.5,63.0,38.0,5.5,18.7,17.9,1.1,19.2,52.9,0,-37.0,11.0,-23.0,-26.0,-7.0,10.0,2925
2020-07-26,75.5,38.0,15.0,2.8,17.9,5.5,0.6,16.3,84.7,0,-49.0,-2.0,-35.0,-38.0,-4.0,10.0,662
2020-07-27,113.25,57.0,28.0,5.5,9.8,17.9,1.1,19.0,72.0,0,-41.0,0.0,-24.0,-39.0,-32.0,16.0,2250
2020-07-28,135.70833333333331,68.0,44.0,7.3,9.4,21.5,1.1,20.6,62.1,0,-41.0,1.0,-24.0,-40.0,-33.0,16.0,3681
2020-07-29,42.0,21.0,10.0,2.8,17.1,8.3,0.6,15.0,87.0,0,-44.0,-2.0,-39.0,-41.0,-33.0,18.0,3119
2020-07-30,34.0,17.0,8.0,2.8,14.7,9.6,0.6,14.0,90.9,0,-42.0,5.0,-39.0,-41.0,-34.0,17.0,4857
2020-07-31,50.0,25.0,11.0,2.8,14.3,9.2,0.6,15.0,86.5,0,-39.0,12.0,-20.0,-36.0,-29.0,16.0,3876
2020-08-01,105.08333333333333,53.0,20.0,2.8,15.1,9.6,1.1,15.6,84.0,0,-32.0,19.0,-31.0,-26.0,-7.0,10.0,2114
2020-08-02,109.16666666666667,55.0,20.0,2.8,19.1,7.8,1.1,16.0,83.0,0,-43.0,6.0,-23.0,-35.0,-2.0,9.0,770
2020-08-03,125.5,63.0,29.0,3.7,13.0,16.5,1.6,15.2,82.4,0,-38.0,4.0,-26.0,-38.0,-31.0,16.0,261
2020-08-04,135.70833333333331,68.0,30.0,3.7,14.3,18.3,1.6,14.8,85.5,0,-37.0,5.0,-26.0,-38.0,-32.0,16.0,2574
2020-08-05,125.5,63.0,29.0,3.7,15.5,16.0,1.6,14.8,87.0,0,-37.0,9.0,-21.0,-37.0,-31.0,16.0,2823
2020-08-06,143.875,72.0,34.0,4.6,10.6,21.1,1.6,15.0,82.0,0,-32.0,18.0,-14.0,-34.0,-31.0,15.0,3457
2020-08-07,143.875,72.0,35.0,5.5,13.0,21.1,1.1,15.0,82.0,0,-31.0,20.0,-5.0,-30.0,-27.0,14.0,1910
2020-08-08,173.0,87.0,41.0,6.4,12.6,20.2,1.6,16.4,82.0,0,-26.0,26.0,-22.0,-19.0,-4.0,8.0,2038
2020-08-09,181.0,91.0,40.0,3.7,14.7,11.5,1.1,17.2,84.6,0,-42.0,13.0,-28.0,-30.0,7.0,6.0,587
2020-08-10,81.06818181818181,76.0,43.0,7.3,13.5,20.2,1.1,21.0,49.0,0,-36.0,5.0,-23.0,-36.0,-31.0,15.0,235
2020-08-11,169.0,85.0,50.0,7.3,8.2,26.1,1.6,20.0,52.0,0,-36.0,5.0,-22.0,-36.0,-31.0,15.0,2915
2020-08-12,163.0,82.0,42.0,3.7,15.1,17.0,1.1,17.5,85.7,0,-37.0,6.0,-18.0,-36.0,-30.0,15.0,6896
2020-08-13,169.0,85.0,50.0,6.4,11.0,22.4,1.6,20.0,77.0,0,-36.0,9.0,-18.0,-35.0,-30.0,15.0,7063
2020-08-14,173.0,87.0,50.0,6.4,11.8,22.4,1.6,22.3,65.3,0,-36.0,10.0,-6.0,-31.0,-27.0,15.0,2784
2020-08-15,125.5,63.0,32.0,3.7,17.1,12.4,1.1,18.7,82.0,0,-33.0,11.0,-37.0,-25.0,-7.0,9.0,1532
2020-08-16,91.83333333333333,46.0,16.0,4.6,17.1,10.1,0.6,17.7,87.0,0,-48.0,-6.0,-52.0,-42.0,-9.0,10.0,347
2020-08-17,75.5,38.0,15.0,5.5,9.8,17.9,0.6,17.3,85.5,0,-41.0,-3.0,-43.0,-39.0,-31.0,16.0,297
2020-08-18,83.66666666666666,42.0,17.0,6.4,7.0,21.5,1.1,17.0,90.7,0,-43.0,-4.0,-47.0,-40.0,-31.0,16.0,1771
2020-08-19,105.08333333333333,53.0,19.0,3.7,13.5,12.4,1.1,16.6,92.7,0,-39.0,1.0,-32.0,-37.0,-29.0,16.0,2181
2020-08-20,50.0,25.0,11.0,2.8,14.7,10.1,0.6,15.0,89.0,0,-39.0,5.0,-41.0,-38.0,-31.0,16.0,1649
2020-08-21,31.111111111111107,13.0,5.0,2.8,15.5,8.3,0.6,10.0,93.7,0,-46.0,-2.0,-44.0,-41.0,-30.0,18.0,825
2020-08-22,34.0,17.0,7.0,1.9,16.7,6.4,0.6,10.5,92.0,0,-33.0,12.0,-52.0,-30.0,-9.0,12.0,3903
2020-08-23,50.0,25.0,11.0,1.9,16.3,6.9,1.1,12.9,84.0,0,-41.0,1.0,-38.0,-37.0,-4.0,11.0,911
2020-08-24,50.0,25.0,12.0,2.8,15.1,9.2,1.1,13.3,81.0,0,-35.0,3.0,-28.0,-35.0,-28.0,15.0,327
2020-08-25,59.166666666666664,30.0,16.0,2.8,13.0,11.5,1.1,13.0,82.0,0,-35.0,4.0,-31.0,-36.0,-29.0,15.0,2441
2020-08-26,75.5,38.0,19.0,2.8,13.5,14.2,1.6,13.8,81.5,0,-35.0,5.0,-19.0,-34.0,-27.0,15.0,1892
2020-08-27,113.25,57.0,26.0,4.6,8.6,18.8,1.6,17.0,82.0,0,-34.0,9.0,-10.0,-34.0,-27.0,14.0,2083
2020-08-28,139.79166666666666,70.0,36.0,6.4,11.8,22.4,1.1,19.1,71.0,0,-34.0,11.0,1.0,-30.0,-24.0,13.0,2365
2020-08-29,143.875,72.0,38.0,8.2,14.3,24.3,1.1,21.9,60.5,0,-27.0,15.0,-18.0,-20.0,-2.0,6.0,0
2020-08-30,139.79166666666666,70.0,39.0,5.5,26.4,15.6,1.1,20.5,66.0,0,-37.0,4.0,-13.0,-30.0,0.0,6.0,1267
2020-08-31,100.0,50.0,18.0,2.8,26.4,7.8,0.6,18.6,84.5,0,-36.0,3.0,-26.0,-35.0,-28.0,13.0,171
2020-09-01,83.66666666666666,42.0,18.0,2.8,21.6,8.7,0.6,18.6,84.0,0,-35.0,7.0,-27.0,-35.0,-28.0,14.0,3042
2020-09-02,91.83333333333333,46.0,22.0,2.8,17.9,11.9,1.1,18.3,83.2,0,-33.0,9.0,-17.0,-33.0,-27.0,13.0,1579
2020-09-03,121.41666666666666,61.0,30.0,4.6,12.2,18.8,1.1,22.3,56.0,0,-30.0,16.0,-8.0,-31.0,-27.0,13.0,2496
2020-09-04,155.0,78.0,53.0,6.4,14.3,23.8,1.6,19.0,72.6,0,-30.0,17.0,-3.0,-27.0,-24.0,12.0,1166
2020-09-05,135.70833333333331,68.0,30.0,3.7,22.8,11.0,1.1,18.3,84.0,0,-23.0,23.0,-23.0,-16.0,-4.0,5.0,1245
2020-09-06,35.0,76.0,35.0,4.6,24.4,13.3,1.1,20.5,79.7,0,-34.0,9.0,-14.0,-27.0,-2.0,5.0,290
2020-09-07,155.0,78.0,34.0,3.7,32.5,7.4,1.1,19.0,82.0,0,-49.0,-13.0,-22.0,-61.0,-69.0,18.0,0
2020-09-08,147.95833333333331,74.0,32.0,3.7,23.6,13.8,1.1,18.8,86.0,0,-34.0,8.0,-27.0,-32.0,-28.0,11.0,580
2020-09-09,159.0,80.0,36.0,4.6,22.8,14.7,1.1,19.3,85.0,0,-33.0,10.0,-16.0,-31.0,-27.0,13.0,1653
2020-09-10,173.0,87.0,50.0,4.6,19.1,18.3,1.1,22.9,66.6,0,-29.0,17.0,-7.0,-29.0,-26.0,12.0,1505
2020-09-11,197.0,99.0,55.0,5.5,23.6,21.1,1.6,24.3,61.2,0,-31.0,14.0,1.0,-26.0,-23.0,13.0,1352
2020-09-12,237.5,119.0,60.0,7.3,29.7,21.5,1.6,26.3,51.5,0,-25.0,16.0,-21.0,-17.0,-2.0,7.0,1316
2020-09-13,202.08333333333334,102.0,51.0,5.5,28.1,15.1,1.1,25.8,40.1,0,-34.0,6.0,-18.0,-27.0,-1.0,6.0,294
2020-09-14,206.25,104.0,56.0,4.6,29.7,17.9,1.1,22.8,44.5,0,-34.0,2.0,-22.0,-32.0,-25.0,13.0,273
2020-09-15,42.0,21.0,10.0,2.8,17.9,8.7,0.6,16.5,87.0,0,-34.0,6.0,-30.0,-33.0,-25.0,14.0,1501
2020-09-16,125.5,63.0,27.0,3.7,17.9,13.8,1.1,19.4,82.0,0,-34.0,4.0,-14.0,-31.0,-25.0,14.0,1442
2020-09-17,169.0,85.0,43.0,5.5,24.0,18.8,1.1,19.4,82.0,0,-32.0,10.0,-13.0,-31.0,-25.0,13.0,1510
2020-09-18,177.0,89.0,54.0,7.3,14.7,33.0,1.6,21.1,73.0,0,-32.0,11.0,-8.0,-28.0,-22.0,13.0,1581
2020-09-19,287.0,144.0,67.0,10.0,32.9,28.8,1.6,23.0,63.0,0,-24.0,16.0,-22.0,-16.0,-1.0,7.0,1443
2020-09-20,42.0,21.0,9.0,3.7,22.8,3.7,0.6,17.0,88.2,0,-39.0,1.0,-42.0,-32.0,-3.0,8.0,281
2020-09-21,31.111111111111107,13.0,6.0,2.8,14.7,6.9,0.6,15.0,91.7,0,-37.0,-1.0,-42.0,-34.0,-27.0,15.0,228
2020-09-22,34.0,17.0,8.0,2.8,13.9,9.2,0.6,14.0,92.6,0,-40.0,-1.0,-49.0,-36.0,-28.0,16.0,1526
2020-09-23,67.33333333333333,34.0,16.0,2.8,13.0,11.5,0.6,17.0,87.5,0,-38.0,5.0,-32.0,-32.0,-25.0,15.0,1223
2020-09-24,109.16666666666667,55.0,22.0,3.7,15.9,12.4,1.1,17.7,82.0,0,-35.0,10.0,-23.0,-30.0,-24.0,14.0,1387
2020-09-25,147.95833333333331,74.0,34.0,5.5,13.9,20.2,1.6,20.0,68.0,0,-34.0,14.0,-11.0,-26.0,-20.0,13.0,1219
2020-09-26,173.0,87.0,45.0,8.2,32.9,26.6,1.6,24.4,55.7,0,-29.0,15.0,-30.0,-16.0,1.0,6.0,1104
2020-09-27,61.02272727272727,76.0,44.0,5.5,27.3,18.3,1.1,26.9,48.0,0,-38.0,4.0,-25.0,-24.0,1.0,6.0,123
2020-09-28,147.95833333333331,74.0,38.0,5.5,19.5,21.1,1.1,22.3,68.2,0,-41.0,-1.0,-36.0,-33.0,-25.0,14.0,158
2020-09-29,117.33333333333333,59.0,21.0,4.6,19.1,11.5,0.6,20.0,87.0,0,-38.0,5.0,-32.0,-31.0,-24.0,13.0,1373
2020-09-30,147.95833333333331,74.0,36.0,4.6,22.8,14.2,1.1,22.6,79.5,0,-35.0,12.0,-20.0,-28.0,-24.0,13.0,1228
2020-10-01,173.0,87.0,44.0,5.5,20.4,18.8,1.6,27.6,54.0,0,-32.0,21.0,-15.0,-27.0,-22.0,12.0,1143
2020-10-02,212.5,107.0,55.0,8.2,35.4,34.8,1.1,29.7,40.4,0,-32.0,17.0,-6.0,-20.0,-19.0,11.0,925
2020-10-03,139.79166666666666,70.0,27.0,4.6,22.8,6.9,0.6,22.0,82.0,0,-25.0,21.0,-35.0,-9.0,1.0,6.0,1099
2020-10-04,50.0,25.0,8.0,2.8,20.8,4.6,0.6,19.3,88.0,0,-35.0,9.0,-37.0,-20.0,0.0,7.0,0
2020-10-05,109.16666666666667,55.0,22.0,4.6,15.9,15.6,0.6,21.9,84.2,0,-34.0,7.0,-23.0,-25.0,-23.0,12.0,0
2020-10-06,185.0,93.0,50.0,7.3,13.9,21.1,1.1,22.7,82.0,0,-32.0,12.0,-25.0,-24.0,-23.0,11.0,1359
2020-10-07,155.0,78.0,44.0,5.5,11.4,20.6,1.1,26.8,66.5,0,-31.0,16.0,-18.0,-23.0,-22.0,11.0,0
2020-10-08,117.33333333333333,59.0,20.0,5.5,19.9,11.5,0.6,20.5,84.7,0,-30.0,19.0,-25.0,-24.0,-22.0,11.0,1812
2020-10-09,121.41666666666666,61.0,21.0,6.4,12.2,22.4,0.6,19.0,94.0,0,-38.0,7.0,-33.0,-25.0,-22.0,13.0,872
2020-10-10,75.5,38.0,14.0,3.7,19.5,8.3,0.6,17.1,76.5,0,-20.0,25.0,-30.0,-5.0,2.0,4.0,1210
2020-10-11,75.5,38.0,16.0,1.9,23.2,4.6,1.1,17.0,74.0,0,-29.0,12.0,-23.0,-16.0,5.0,5.0,418
2020-10-12,109.16666666666667,55.0,22.0,3.7,22.4,6.9,1.1,17.7,76.0,1,-43.0,-8.0,-12.0,-54.0,-68.0,17.0,116
2020-10-13,143.875,72.0,36.0,6.4,16.3,19.7,1.6,23.9,48.0,1,-34.0,7.0,-25.0,-24.0,-23.0,10.0,188
2020-10-14,163.0,82.0,41.0,4.6,19.9,16.0,1.1,20.5,76.0,1,-34.0,9.0,-21.0,-23.0,-22.0,12.0,1014
2020-10-15,105.08333333333333,53.0,18.0,3.7,20.8,11.5,0.6,18.0,87.5,1,-33.0,14.0,-36.0,-24.0,-23.0,13.0,1075
2020-10-16,67.33333333333333,34.0,14.0,2.8,16.7,10.1,0.6,15.6,87.0,1,-33.0,13.0,-30.0,-21.0,-19.0,13.0,0
2020-10-17,59.166666666666664,30.0,12.0,2.8,17.9,6.4,0.6,16.0,82.8,1,-25.0,18.0,-39.0,-9.0,3.0,7.0,2081
2020-10-18,75.5,38.0,15.0,2.8,20.8,5.5,1.1,18.0,82.0,0,-33.0,8.0,-31.0,-16.0,3.0,7.0,92
2020-10-19,91.83333333333333,46.0,20.0,4.6,14.3,12.8,1.1,19.0,82.0,0,-37.0,-4.0,-38.0,-26.0,-23.0,13.0,69
2020-10-20,139.79166666666666,70.0,30.0,5.5,16.7,17.4,0.6,20.0,82.0,0,-35.0,6.0,-35.0,-26.0,-23.0,13.0,888
2020-10-21,135.70833333333331,68.0,28.0,4.6,19.1,12.4,1.1,19.7,82.0,0,-31.0,12.0,-21.0,-22.0,-20.0,12.0,802
2020-10-22,67.33333333333333,34.0,14.0,2.8,19.1,6.4,0.6,19.0,77.0,0,-29.0,19.0,-14.0,-21.0,-20.0,11.0,847
2020-10-23,83.66666666666666,42.0,19.0,2.8,16.7,9.6,1.1,18.2,72.0,0,-29.0,18.0,0.0,-17.0,-17.0,11.0,1430
2020-10-24,109.16666666666667,55.0,22.0,4.6,12.2,13.8,1.1,20.0,73.6,0,-23.0,18.0,-31.0,-6.0,4.0,6.0,1186
2020-10-25,91.83333333333333,46.0,16.0,3.7,22.0,7.4,0.6,20.0,80.5,0,-36.0,4.0,-36.0,-20.0,2.0,7.0,423
2020-10-26,83.66666666666666,42.0,15.0,3.7,22.0,11.9,1.1,19.3,78.6,0,-33.0,9.0,-22.0,-23.0,-20.0,11.0,185
2020-10-27,109.16666666666667,55.0,25.0,4.6,23.6,14.7,1.1,22.2,68.0,0,-32.0,9.0,-20.0,-23.0,-21.0,12.0,1331
2020-10-28,121.41666666666666,61.0,33.0,6.4,25.2,23.4,1.6,24.1,46.0,0,-31.0,10.0,-11.0,-23.0,-19.0,11.0,1088
2020-10-29,147.95833333333331,74.0,40.0,4.6,18.7,18.8,1.6,21.1,64.0,0,-31.0,11.0,-21.0,-23.0,-19.0,11.0,1289
2020-10-30,42.0,21.0,8.0,2.8,16.7,10.6,0.6,17.0,88.0,0,-37.0,8.0,-38.0,-27.0,-22.0,13.0,1256
2020-10-31,34.0,17.0,7.0,2.8,17.9,6.0,0.6,15.5,87.0,0,-24.0,21.0,-42.0,-13.0,1.0,7.0,705
2020-11-01,42.0,21.0,10.0,2.8,16.7,4.6,0.6,14.0,84.5,0,-32.0,10.0,-37.0,-24.0,1.0,8.0,0
2020-11-02,42.0,21.0,10.0,1.9,15.1,4.6,0.6,14.0,76.0,1,-47.0,-11.0,-13.0,-58.0,-69.0,20.0,376
2020-11-03,67.33333333333333,34.0,15.0,2.8,13.5,10.6,1.6,15.0,74.5,1,-33.0,9.0,-31.0,-24.0,-20.0,11.0,187
2020-11-04,67.33333333333333,34.0,15.0,2.8,15.1,9.6,0.6,15.7,79.0,1,-31.0,11.0,-20.0,-23.0,-19.0,12.0,1000
2020-11-05,67.33333333333333,34.0,10.0,3.7,15.1,11.0,0.6,15.0,82.0,1,-29.0,19.0,-24.0,-23.0,-19.0,12.0,623
2020-11-06,67.33333333333333,34.0,13.0,2.8,16.7,9.2,0.6,16.0,74.5,1,-25.0,23.0,-5.0,-17.0,-15.0,10.0,0
2020-11-07,105.08333333333333,53.0,20.0,2.8,22.4,10.1,0.6,16.6,72.0,1,-15.0,27.0,-7.0,-2.0,7.0,4.0,0
2020-11-08,125.5,63.0,24.0,4.6,17.1,11.0,1.1,18.3,72.0,0,-23.0,16.0,18.0,-11.0,7.0,4.0,0
2020-11-09,125.5,63.0,28.0,3.7,18.7,12.4,1.6,20.0,82.0,0,-29.0,11.0,-25.0,-23.0,-19.0,11.0,0
2020-11-10,83.66666666666666,42.0,14.0,3.7,17.5,12.4,0.6,21.0,87.0,0,-28.0,13.0,-28.0,-23.0,-20.0,11.0,5306
2020-11-11,117.33333333333333,59.0,24.0,4.6,15.9,17.0,0.6,20.0,82.0,0,-32.0,5.0,-28.0,-23.0,-19.0,12.0,946
2020-11-12,100.0,50.0,17.0,4.6,18.3,13.3,0.6,20.1,82.0,0,-27.0,18.0,-22.0,-22.0,-19.0,11.0,1777
2020-11-13,117.33333333333333,59.0,23.0,4.6,11.8,15.1,0.6,20.0,84.5,0,-27.0,15.0,-15.0,-18.0,-16.0,11.0,1768
2020-11-14,109.16666666666667,55.0,21.0,4.6,17.9,12.8,0.6,21.0,82.0,0,-16.0,22.0,-9.0,-3.0,7.0,5.0,1313
2020-11-15,109.16666666666667,55.0,20.0,3.7,30.9,7.8,0.6,25.2,65.0,1,-17.0,41.0,27.0,11.0,13.0,3.0,300
2020-11-16,105.08333333333333,53.0,20.0,4.6,27.7,14.7,1.1,25.4,63.2,1,-30.0,8.0,-25.0,-24.0,-20.0,11.0,187
2020-11-17,50.0,25.0,10.0,3.7,16.3,9.2,0.6,20.0,82.2,1,-34.0,4.0,-38.0,-27.0,-21.0,13.0,2256
2020-11-18,50.0,25.0,10.0,3.7,11.8,12.4,0.6,16.6,87.0,1,-34.0,1.0,-36.0,-25.0,-20.0,13.0,1724
2020-11-19,50.0,25.0,8.0,2.8,11.0,11.5,0.6,16.1,88.0,1,-30.0,14.0,-36.0,-24.0,-20.0,12.0,1970
2020-11-20,50.0,25.0,10.0,2.8,14.7,7.4,0.6,15.8,82.0,1,-25.0,20.0,-11.0,-24.0,-25.0,13.0,0
2020-11-21,67.33333333333333,34.0,12.0,2.8,14.7,6.9,1.1,18.0,73.3,0,-16.0,21.0,-7.0,-6.0,4.0,5.0,3834
2020-11-22,67.33333333333333,34.0,12.0,2.8,15.5,5.5,1.1,18.0,77.0,0,-25.0,11.0,6.0,-12.0,6.0,5.0,498
2020-11-23,59.166666666666664,30.0,13.0,1.9,15.1,6.9,1.1,19.0,72.0,0,-29.0,8.0,-22.0,-23.0,-19.0,11.0,305
2020-11-24,75.5,38.0,15.0,2.8,15.1,7.8,1.1,20.0,74.2,0,-28.0,9.0,-20.0,-23.0,-19.0,11.0,1482
2020-11-25,105.08333333333333,53.0,24.0,3.7,16.7,13.3,1.6,23.0,64.0,0,-27.0,10.0,-11.0,-22.0,-18.0,11.0,2623
2020-11-26,105.08333333333333,53.0,24.0,4.6,15.9,18.3,1.1,23.0,57.0,0,-26.0,16.0,-17.0,-22.0,-18.0,11.0,1210
2020-11-27,121.41666666666666,61.0,27.0,5.5,21.2,19.2,1.1,22.0,68.0,0,-20.0,31.0,-4.0,-16.0,-14.0,9.0,970
2020-11-28,113.25,57.0,24.0,2.8,23.6,9.2,1.1,21.5,73.0,0,-14.0,23.0,-6.0,-2.0,8.0,4.0,1408
2020-11-29,113.25,57.0,22.0,3.7,21.2,9.2,1.1,24.0,65.0,0,-14.0,42.0,15.0,8.0,13.0,3.0,589
2020-11-30,117.33333333333333,59.0,20.0,5.5,12.2,21.5,1.1,22.0,77.0,0,-28.0,8.0,-30.0,-23.0,-19.0,11.0,290
2020-12-01,100.0,50.0,16.0,3.7,14.3,15.6,1.1,21.1,82.0,0,-26.0,15.0,-26.0,-22.0,-19.0,11.0,2232
2020-12-02,100.0,50.0,17.0,3.7,15.9,12.8,1.1,22.0,80.5,0,-24.0,17.0,-15.0,-21.0,-17.0,11.0,2059
2020-12-03,91.83333333333333,46.0,20.0,3.7,21.2,14.2,1.1,24.0,68.0,0,-22.0,22.0,-11.0,-19.0,-17.0,11.0,2075
2020-12-04,83.66666666666666,42.0,16.0,2.8,20.8,10.1,0.6,22.0,77.0,0,-22.0,22.0,-2.0,-16.0,-14.0,10.0,2112
2020-12-05,59.166666666666664,30.0,13.0,2.8,16.7,5.5,0.6,21.0,82.0,0,-12.0,26.0,-20.0,0.0,8.0,5.0,2149
2020-12-06,42.0,21.0,9.0,2.8,11.8,5.1,0.6,19.3,88.0,0,-21.0,17.0,-23.0,-13.0,8.0,5.0,643
2020-12-07,67.33333333333333,34.0,10.0,2.8,11.4,10.1,1.1,20.6,87.0,0,-22.0,14.0,-27.0,-21.0,-19.0,10.0,268
2020-12-08,67.33333333333333,34.0,10.0,3.7,9.0,11.5,0.6,20.5,83.0,0,-24.0,12.0,-29.0,-22.0,-18.0,11.0,2045
2020-12-09,91.83333333333333,46.0,16.0,2.8,11.8,9.6,1.1,20.0,75.5,0,-23.0,14.0,-14.0,-20.0,-17.0,11.0,2175
2020-12-10,83.66666666666666,42.0,15.0,2.8,13.5,8.7,1.1,20.5,73.5,0,-20.0,22.0,-9.0,-18.0,-17.0,10.0,1996
2020-12-11,83.66666666666666,42.0,16.0,3.7,10.6,13.3,1.1,21.0,77.0,0,-24.0,17.0,-12.0,-15.0,-14.0,10.0,1954
2020-12-12,91.83333333333333,46.0,15.0,4.6,17.1,13.3,0.6,23.0,73.0,0,-13.0,24.0,-12.0,0.0,9.0,4.0,1848
2020-12-13,67.33333333333333,34.0,10.0,3.7,14.3,6.9,0.6,24.0,72.2,0,-20.0,14.0,-8.0,-10.0,11.0,5.0,201
2020-12-14,67.33333333333333,34.0,12.0,3.7,19.9,10.6,0.6,22.6,70.5,0,-22.0,12.0,-18.0,-20.0,-18.0,10.0,290
2020-12-15,91.83333333333333,46.0,15.0,3.7,15.9,15.1,1.1,22.0,78.2,0,-23.0,11.0,-27.0,-20.0,-18.0,10.0,916
2020-12-16,109.16666666666667,55.0,19.0,4.6,17.9,15.6,1.1,22.7,80.9,0,-21.0,15.0,-17.0,-19.0,-17.0,10.0,0
2020-12-17,83.66666666666666,42.0,13.0,3.7,15.9,16.0,0.6,22.0,78.0,0,-18.0,22.0,-16.0,-17.0,-17.0,9.0,4632
2020-12-18,91.83333333333333,46.0,15.0,4.6,15.1,15.1,1.1,22.0,79.5,0,-19.0,20.0,-12.0,-13.0,-14.0,9.0,2025
2020-12-19,113.25,57.0,20.0,4.6,21.6,12.4,1.1,26.0,73.0,0,-7.0,30.0,-10.0,7.0,10.0,3.0,2498
2020-12-20,75.5,38.0,13.0,3.7,19.9,10.6,0.6,23.0,77.0,0,-12.0,22.0,-9.0,-2.0,18.0,4.0,0
2020-12-21,91.83333333333333,46.0,19.0,3.7,15.1,11.5,0.6,23.0,83.0,0,-13.0,22.0,-26.0,-19.0,-22.0,9.0,730
2020-12-22,50.0,25.0,9.0,2.8,14.3,7.4,0.6,20.8,88.0,0,-10.0,31.0,-30.0,-20.0,-25.0,9.0,2351
2020-12-23,75.5,38.0,15.0,2.8,14.3,8.7,1.1,19.0,77.0,0,-8.0,49.0,-17.0,-17.0,-26.0,8.0,2413
2020-12-24,50.0,25.0,11.0,1.9,13.9,5.1,1.1,19.0,77.0,0,-35.0,47.0,-34.0,-41.0,-52.0,14.0,2298
2020-12-25,59.166666666666664,30.0,11.0,1.9,13.5,4.6,1.1,18.0,82.0,1,-83.0,-70.0,-52.0,-72.0,-77.0,21.0,1012
2020-12-26,59.166666666666664,30.0,12.0,1.9,12.2,5.5,0.6,19.2,82.0,1,-60.0,-8.0,-49.0,-42.0,-29.0,13.0,423
2020-12-27,59.166666666666664,30.0,10.0,1.9,7.0,5.5,1.1,20.6,85.0,1,-60.0,-16.0,-54.0,-36.0,-8.0,10.0,660
2020-12-28,59.166666666666664,30.0,10.0,3.7,16.7,11.0,0.6,21.0,82.0,1,-26.0,9.0,-33.0,-34.0,-36.0,14.0,484
2020-12-29,59.166666666666664,30.0,10.0,3.7,14.7,11.9,0.6,20.1,82.0,1,-30.0,10.0,-35.0,-35.0,-38.0,14.0,3445
2020-12-30,75.5,38.0,11.0,3.7,19.5,11.0,0.6,25.0,61.0,1,-26.0,35.0,-22.0,-33.0,-38.0,12.0,0
2020-12-31,59.166666666666664,30.0,12.0,3.7,17.1,6.9,1.1,23.0,73.0,0,-54.0,29.0,-45.0,-52.0,-61.0,17.0,5872
2021-01-01,91.83333333333333,46.0,12.0,2.8,16.3,4.6,0.6,21.0,82.0,1,-87.0,-77.0,-64.0,-76.0,-79.0,22.0,0
2021-01-02,50.0,25.0,7.0,1.9,16.7,4.2,0.6,20.0,86.7,1,-69.0,-19.0,-58.0,-51.0,-40.0,14.0,1670
2021-01-03,59.166666666666664,30.0,8.0,1.9,14.3,3.7,1.1,19.0,77.0,1,-61.0,-13.0,-41.0,-34.0,-10.0,8.0,637
2021-01-04,75.5,38.0,11.0,2.8,13.9,8.3,1.1,21.0,77.0,1,-37.0,4.0,-29.0,-33.0,-29.0,12.0,551
2021-01-05,100.0,50.0,17.0,3.7,13.9,12.8,1.1,24.0,73.0,1,-36.0,7.0,-25.0,-31.0,-28.0,13.0,2981
2021-01-06,100.0,50.0,19.0,3.7,16.3,14.7,1.1,24.7,69.0,1,-37.0,3.0,-24.0,-30.0,-26.0,13.0,3208
2021-01-07,59.166666666666664,30.0,13.0,2.8,14.3,10.1,1.1,24.0,73.0,0,-33.0,14.0,-18.0,-28.0,-25.0,13.0,3127
2021-01-08,75.5,38.0,14.0,3.7,14.7,9.6,0.6,22.0,78.0,0,-33.0,11.0,-17.0,-26.0,-22.0,12.0,3329
2021-01-09,113.25,57.0,19.0,3.7,17.5,6.4,0.6,22.0,83.0,0,-27.0,15.0,-26.0,-17.0,-1.0,7.0,2775
2021-01-10,91.83333333333333,46.0,14.0,2.8,15.5,5.1,0.6,22.0,84.6,0,-37.0,1.0,-27.0,-25.0,2.0,7.0,943
2021-01-11,100.0,50.0,17.0,3.7,15.9,9.2,0.6,23.0,83.0,0,-32.0,7.0,-26.0,-28.0,-23.0,11.0,675
2021-01-12,113.25,57.0,20.0,3.7,15.9,12.4,0.6,23.0,83.0,0,-35.0,1.0,-31.0,-31.0,-24.0,12.0,2638
2021-01-13,91.83333333333333,46.0,14.0,2.8,16.3,6.4,1.1,22.7,83.0,0,-35.0,1.0,-23.0,-31.0,-24.0,11.0,3580
2021-01-14,75.5,38.0,15.0,2.8,14.3,7.4,1.1,22.0,82.0,0,-36.0,1.0,-24.0,-33.0,-26.0,10.0,2870
2021-01-15,100.0,50.0,17.0,4.6,9.4,16.5,1.1,21.0,85.0,0,-41.0,-8.0,-32.0,-34.0,-25.0,11.0,3466
2021-01-16,67.33333333333333,34.0,12.0,3.7,12.6,9.6,1.1,24.0,69.5,0,-29.0,6.0,-17.0,-22.0,-5.0,5.0,3061
2021-01-17,50.0,25.0,10.0,2.8,15.9,4.6,0.6,24.0,64.0,0,-36.0,-2.0,-5.0,-26.0,-3.0,4.0,1140
2021-01-18,59.166666666666664,30.0,11.0,3.7,19.1,9.2,0.6,23.0,78.0,0,-37.0,-6.0,-27.0,-33.0,-26.0,10.0,642
2021-01-19,75.5,38.0,14.0,2.8,15.5,7.8,0.6,22.0,83.0,0,-38.0,-2.0,-32.0,-34.0,-26.0,11.0,3466
2021-01-20,91.83333333333333,46.0,19.0,3.7,15.9,7.8,1.1,22.0,82.0,0,-35.0,3.0,-20.0,-31.0,-24.0,10.0,3399
2021-01-21,105.08333333333333,53.0,22.0,3.7,18.7,8.7,1.1,21.9,78.0,0,-34.0,6.0,-19.0,-30.0,-24.0,10.0,2868
2021-01-22,113.25,57.0,23.0,2.8,19.1,10.1,1.1,22.5,78.0,0,-34.0,5.0,-14.0,-27.0,-21.0,10.0,1716
2021-01-23,109.16666666666667,55.0,21.0,3.7,17.1,9.6,1.1,21.5,78.0,0,-34.0,4.0,-28.0,-22.0,-4.0,5.0,3001
2021-01-24,117.33333333333333,59.0,21.0,3.7,19.1,7.4,0.6,21.3,82.0,0,-40.0,-3.0,-15.0,-28.0,-2.0,5.0,894
2021-01-25,105.08333333333333,53.0,20.0,3.7,19.5,9.2,0.6,22.0,78.0,0,-57.0,-23.0,-11.0,-60.0,-63.0,17.0,545
2021-01-26,105.08333333333333,53.0,21.0,4.6,14.3,17.0,1.1,23.3,75.8,0,-38.0,0.0,-32.0,-31.0,-23.0,10.0,1167
2021-01-27,109.16666666666667,55.0,23.0,4.6,15.9,15.6,1.1,27.9,56.5,0,-37.0,2.0,-18.0,-29.0,-22.0,11.0,3293
2021-01-28,91.83333333333333,46.0,20.0,4.6,20.4,15.1,1.1,25.0,57.6,0,-34.0,8.0,-17.0,-28.0,-22.0,11.0,3545
2021-01-29,125.5,63.0,32.0,6.4,17.5,20.6,1.1,26.0,57.0,0,-32.0,12.0,-5.0,-24.0,-18.0,10.0,3267
2021-01-30,135.70833333333331,68.0,31.0,5.5,28.9,14.7,1.1,25.5,65.0,0,-48.0,11.0,-32.0,-26.0,-12.0,8.0,2721
2021-01-31,121.41666666666666,61.0,27.0,4.6,25.6,9.6,0.6,27.0,61.0,0,-52.0,5.0,-29.0,-30.0,-7.0,6.0,764
2021-02-01,91.83333333333333,46.0,20.0,4.6,19.1,13.8,1.1,24.0,68.0,0,-35.0,3.0,-27.0,-28.0,-22.0,10.0,468
2021-02-02,117.33333333333333,59.0,23.0,5.5,9.8,19.2,1.1,22.8,73.0,0,-36.0,2.0,-25.0,-29.0,-23.0,11.0,3138
2021-02-03,129.58333333333334,65.0,28.0,5.5,23.2,16.0,1.1,24.0,78.0,0,-35.0,3.0,-18.0,-28.0,-20.0,11.0,3036
2021-02-04,117.33333333333333,59.0,26.0,4.6,20.8,11.5,0.6,27.5,62.7,0,-32.0,10.0,-13.0,-27.0,-20.0,10.0,3213
2021-02-05,59.166666666666664,30.0,12.0,3.7,12.6,8.3,0.6,21.0,82.0,0,-31.0,14.0,-18.0,-23.0,-17.0,9.0,2422
2021-02-06,75.5,38.0,17.0,2.8,14.7,5.1,1.1,19.7,79.5,0,-24.0,19.0,-20.0,-15.0,0.0,5.0,2419
2021-02-07,59.166666666666664,30.0,14.0,2.8,13.0,3.7,1.1,19.0,76.5,0,-34.0,8.0,-11.0,-24.0,0.0,5.0,802
2021-02-08,59.166666666666664,30.0,16.0,2.8,9.0,6.0,1.1,18.9,72.0,0,-32.0,6.0,-24.0,-25.0,-21.0,9.0,554
2021-02-09,59.166666666666664,30.0,14.0,1.9,10.6,6.9,1.1,19.7,77.0,0,-32.0,7.0,-25.0,-26.0,-20.0,10.0,2737
2021-02-10,67.33333333333333,34.0,15.0,2.8,12.2,7.8,1.1,20.0,80.7,0,-33.0,4.0,-22.0,-25.0,-19.0,10.0,2810
2021-02-11,91.83333333333333,46.0,16.0,4.6,11.4,16.5,1.1,19.0,82.0,1,-34.0,6.0,-28.0,-26.0,-20.0,11.0,2153
2021-02-12,91.83333333333333,46.0,16.0,4.6,10.2,16.0,1.1,20.0,82.0,1,-30.0,13.0,-16.0,-22.0,-16.0,9.0,2529
2021-02-13,67.33333333333333,34.0,11.0,5.5,7.4,12.4,0.6,20.3,88.0,1,-28.0,10.0,-45.0,-22.0,-3.0,7.0,2203
2021-02-14,59.166666666666664,30.0,12.0,4.6,13.5,7.4,1.1,24.0,70.0,1,-31.0,7.0,-3.0,-23.0,3.0,6.0,585
2021-02-15,75.5,38.0,16.0,3.7,12.2,11.5,0.6,23.0,73.0,1,-31.0,5.0,-16.0,-31.0,-27.0,11.0,552
2021-02-16,83.66666666666666,42.0,16.0,4.6,12.2,14.7,1.1,22.0,77.0,1,-36.0,-1.0,-21.0,-34.0,-29.0,12.0,2347
2021-02-17,105.08333333333333,53.0,20.0,4.6,13.0,17.4,1.1,21.0,82.0,1,-38.0,-2.0,-30.0,-27.0,-20.0,11.0,2685
2021-02-18,100.0,50.0,18.0,3.7,16.3,12.8,0.6,21.1,82.0,1,-30.0,15.0,-13.0,-23.0,-18.0,10.0,2495
2021-02-19,117.33333333333333,59.0,22.0,3.7,18.7,9.6,1.1,22.0,78.0,1,-29.0,15.0,-9.0,-20.0,-14.0,9.0,2139
2021-02-20,105.08333333333333,53.0,18.0,2.8,20.4,6.0,1.1,22.0,75.4,1,-23.0,18.0,-10.0,-13.0,1.0,5.0,2151
2021-02-21,75.5,38.0,13.0,1.9,18.7,4.2,1.1,21.8,77.0,1,-32.0,8.0,2.0,-20.0,2.0,5.0,829
2021-02-22,91.83333333333333,46.0,16.0,2.8,16.3,6.9,1.1,21.6,77.0,0,-32.0,7.0,-23.0,-24.0,-17.0,10.0,707
2021-02-23,91.83333333333333,46.0,20.0,3.7,18.7,12.8,1.1,25.0,61.0,0,-32.0,7.0,-22.0,-24.0,-18.0,10.0,2282
2021-02-24,135.70833333333331,68.0,30.0,5.5,14.7,18.3,1.6,22.2,67.0,0,-37.0,1.0,-29.0,-26.0,-18.0,11.0,2449
2021-02-25,100.0,50.0,17.0,3.7,13.0,12.4,0.6,20.0,82.0,0,-32.0,15.0,-30.0,-25.0,-17.0,11.0,2592
2021-02-26,100.0,50.0,17.0,4.6,12.2,13.3,1.1,20.0,82.6,0,-34.0,12.0,-27.0,-22.0,-14.0,11.0,2133
2021-02-27,83.66666666666666,42.0,15.0,3.7,10.6,9.2,1.1,20.0,83.7,0,-25.0,21.0,-34.0,-17.0,0.0,7.0,1914
2021-02-28,75.5,38.0,14.0,3.7,11.4,6.9,1.1,21.0,82.0,0,-34.0,14.0,-23.0,-25.0,0.0,7.0,857
2021-03-01,100.0,50.0,20.0,3.7,8.6,10.1,1.1,22.0,83.0,0,-33.0,12.0,-25.0,-24.0,-18.0,10.0,737
2021-03-02,121.41666666666666,61.0,22.0,4.6,9.4,13.3,1.1,22.0,82.0,0,-33.0,11.0,-25.0,-25.0,-19.0,11.0,1920
2021-03-03,100.0,50.0,20.0,4.6,15.9,12.8,1.1,22.3,76.1,0,-34.0,10.0,-19.0,-24.0,-18.0,11.0,2668
2021-03-04,105.08333333333333,53.0,21.0,4.6,9.8,16.5,1.1,22.0,76.3,0,-31.0,16.0,-22.0,-24.0,-18.0,11.0,2572
2021-03-05,59.166666666666664,30.0,12.0,3.7,11.0,9.6,0.6,22.0,77.0,0,-25.0,27.0,-14.0,-19.0,-15.0,10.0,2862
2021-03-06,42.0,21.0,9.0,3.7,9.8,7.8,0.6,20.0,88.0,0,-50.0,19.0,-53.0,-32.0,-14.0,12.0,2716
2021-03-07,75.5,38.0,11.0,3.7,9.8,7.4,0.6,20.0,88.0,0,-56.0,8.0,-52.0,-37.0,-11.0,11.0,1350
2021-03-08,83.66666666666666,42.0,14.0,3.7,10.6,10.6,1.1,21.0,82.0,0,-49.0,11.0,-36.0,-33.0,-26.0,14.0,1067
2021-03-09,83.66666666666666,42.0,17.0,3.7,13.5,12.4,1.1,20.0,77.0,0,-51.0,7.0,-40.0,-35.0,-28.0,15.0,3313
2021-03-10,75.5,38.0,14.0,2.8,15.1,10.6,0.6,20.0,77.0,0,-50.0,11.0,-31.0,-34.0,-27.0,16.0,3321
2021-03-11,113.25,57.0,23.0,4.6,18.3,14.7,1.1,22.0,73.0,0,-50.0,13.0,-35.0,-34.0,-27.0,16.0,3270
2021-03-12,135.70833333333331,68.0,26.0,4.6,17.5,12.4,1.1,22.0,78.0,0,-50.0,16.0,-29.0,-32.0,-24.0,16.0,3097
2021-03-13,121.41666666666666,61.0,22.0,3.7,19.9,7.8,1.1,22.0,78.0,0,-50.0,16.0,-42.0,-31.0,-13.0,12.0,3118
2021-03-14,83.66666666666666,42.0,16.0,2.8,19.1,6.0,0.6,22.2,73.0,0,-57.0,3.0,-41.0,-37.0,-11.0,11.0,1645
2021-03-15,109.16666666666667,55.0,20.0,4.6,17.1,11.9,1.1,22.0,77.0,0,-58.0,0.0,-42.0,-40.0,-31.0,17.0,1303
2021-03-16,121.41666666666666,61.0,22.0,3.7,16.7,11.9,1.1,22.0,78.0,0,-58.0,1.0,-43.0,-41.0,-33.0,18.0,3829
2021-03-17,109.16666666666667,55.0,24.0,3.7,17.1,14.2,1.1,22.7,73.0,0,-59.0,2.0,-39.0,-41.0,-34.0,19.0,3971
2021-03-18,109.16666666666667,55.0,20.0,4.6,13.5,15.1,0.6,22.0,82.0,0,-59.0,4.0,-45.0,-42.0,-35.0,19.0,3741
2021-03-19,109.16666666666667,55.0,18.0,3.7,15.5,13.3,0.6,22.0,82.0,0,-58.0,10.0,-38.0,-38.0,-31.0,19.0,3973
2021-03-20,113.25,57.0,20.0,3.7,18.3,7.8,1.1,22.0,79.5,0,-57.0,16.0,-44.0,-35.0,-16.0,14.0,4049
2021-03-21,113.25,57.0,20.0,3.7,19.9,7.8,1.1,25.6,68.0,0,-62.0,3.0,-40.0,-41.0,-14.0,13.0,1633
2021-03-22,129.58333333333334,65.0,26.0,5.5,18.7,11.9,1.1,24.0,69.0,0,-58.0,2.0,-42.0,-41.0,-33.0,18.0,1232
2021-03-23,121.41666666666666,61.0,23.0,3.7,19.9,9.6,1.1,23.0,77.0,0,-58.0,3.0,-43.0,-42.0,-34.0,19.0,4149
2021-03-24,109.16666666666667,55.0,20.0,3.7,19.1,8.3,1.1,22.3,76.2,0,-58.0,3.0,-36.0,-41.0,-34.0,19.0,4491
2021-03-25,91.83333333333333,46.0,17.0,2.8,17.5,8.7,1.1,22.5,74.2,0,-55.0,14.0,-33.0,-39.0,-33.0,18.0,4214
2021-03-26,117.33333333333333,59.0,25.0,3.7,17.5,12.8,1.1,23.1,76.2,0,-61.0,9.0,-33.0,-45.0,-41.0,22.0,4241
2021-03-27,129.58333333333334,65.0,26.0,3.7,25.2,11.0,1.1,25.0,61.8,0,-59.0,9.0,-45.0,-39.0,-19.0,15.0,3709
2021-03-28,75.5,38.0,14.0,2.8,26.4,6.0,0.6,23.4,64.0,0,-65.0,-2.0,-44.0,-44.0,-15.0,14.0,2010
2021-03-29,117.33333333333333,59.0,23.0,3.7,23.6,15.1,1.1,23.4,68.0,0,-63.0,-4.0,-45.0,-50.0,-44.0,21.0,1242
2021-03-30,67.33333333333333,34.0,13.0,3.7,17.1,11.0,1.1,21.0,75.6,0,-62.0,0.0,-51.0,-50.0,-45.0,22.0,4748
2021-03-31,59.166666666666664,30.0,14.0,2.8,14.7,6.9,0.6,19.4,77.0,0,-58.0,15.0,-40.0,-47.0,-43.0,21.0,8348
2021-04-01,59.166666666666664,30.0,14.0,2.8,13.9,6.0,0.6,18.6,76.7,0,-53.0,37.0,-35.0,-44.0,-43.0,19.0,8646
2021-04-02,50.0,25.0,10.0,1.9,14.3,4.2,0.6,18.5,77.0,1,-73.0,-5.0,-45.0,-67.0,-70.0,29.0,3743
2021-04-03,75.5,38.0,14.0,2.8,15.1,6.4,1.1,19.4,78.2,1,-58.0,18.0,-46.0,-41.0,-24.0,15.0,1311
2021-04-04,50.0,25.0,10.0,1.9,15.1,4.2,1.1,19.0,77.0,1,-64.0,2.0,-45.0,-40.0,-8.0,11.0,1359
2021-04-05,50.0,25.0,12.0,2.8,13.5,6.9,1.1,20.0,77.0,1,-57.0,2.0,-41.0,-40.0,-31.0,18.0,1126
2021-04-06,75.5,38.0,15.0,3.7,9.4,11.9,1.1,19.0,77.0,1,-59.0,-3.0,-54.0,-42.0,-33.0,19.0,6740
2021-04-07,50.0,25.0,11.0,2.8,10.6,7.4,1.1,20.0,74.5,1,-55.0,12.0,-36.0,-38.0,-31.0,18.0,5123
2021-04-08,50.0,25.0,12.0,2.8,11.4,7.8,1.6,19.1,77.0,0,-53.0,22.0,-30.0,-36.0,-30.0,17.0,4671
2021-04-09,100.0,50.0,20.0,3.7,10.6,13.8,1.6,20.1,77.0,0,-54.0,19.0,-26.0,-34.0,-27.0,17.0,4397
2021-04-10,109.16666666666667,55.0,21.0,3.7,17.9,10.1,1.1,21.0,67.0,0,-51.0,24.0,-35.0,-28.0,-11.0,12.0,3679
2021-04-11,121.41666666666666,61.0,29.0,4.6,17.5,13.3,1.1,22.9,51.8,0,-59.0,10.0,-30.0,-35.0,-10.0,12.0,1689
2021-04-12,113.25,57.0,29.0,3.7,14.3,11.9,1.1,21.0,61.7,0,-53.0,6.0,-38.0,-35.0,-27.0,16.0,1331
2021-04-13,42.0,21.0,13.0,1.9,13.9,6.0,0.6,18.7,80.0,0,-54.0,7.0,-45.0,-37.0,-28.0,17.0,3885
2021-04-14,59.166666666666664,30.0,18.0,1.9,13.5,7.8,1.1,17.7,77.0,0,-53.0,9.0,-34.0,-34.0,-27.0,17.0,4072
2021-04-15,75.5,38.0,19.0,2.8,13.0,8.3,1.1,18.2,80.6,0,-50.0,17.0,-31.0,-33.0,-25.0,16.0,4161
2021-04-16,121.41666666666666,61.0,30.0,3.7,12.2,15.6,1.1,19.0,82.0,0,-51.0,16.0,-23.0,-30.0,-22.0,16.0,4256
2021-04-17,117.33333333333333,59.0,28.0,3.7,12.6,12.4,1.1,19.4,77.0,0,-49.0,18.0,-42.0,-28.0,-8.0,12.0,3723
2021-04-18,59.166666666666664,30.0,10.0,2.8,17.9,5.5,0.6,19.0,88.0,0,-52.0,7.0,-44.0,-35.0,-5.0,12.0,930
2021-04-19,31.111111111111107,13.0,8.0,2.8,12.6,6.0,0.6,17.1,88.0,0,-47.0,4.0,-44.0,-32.0,-23.0,16.0,1126
2021-04-20,42.0,21.0,10.0,1.9,10.2,6.9,0.6,17.0,87.0,0,-43.0,14.0,-42.0,-32.0,-24.0,15.0,3986
2021-04-21,42.0,21.0,10.0,1.9,11.8,4.6,0.6,17.5,87.0,1,-51.0,3.0,-37.0,-55.0,-62.0,26.0,3904
2021-04-22,59.166666666666664,30.0,13.0,1.9,10.6,7.4,0.6,16.1,87.0,1,-45.0,17.0,-38.0,-30.0,-22.0,15.0,2172
2021-04-23,59.166666666666664,30.0,13.0,2.8,10.2,9.6,0.6,17.0,86.0,1,-43.0,19.0,-23.0,-26.0,-19.0,15.0,4034
2021-04-24,67.33333333333333,34.0,14.0,2.8,13.5,9.6,0.6,18.8,82.0,1,-33.0,22.0,-22.0,-18.0,0.0,10.0,0
2021-04-25,113.25,57.0,22.0,3.7,13.5,9.6,0.6,20.5,77.0,1,-41.0,11.0,-8.0,-26.0,3.0,9.0,4516
2021-04-26,117.33333333333333,59.0,22.0,3.7,13.5,11.9,1.1,19.0,82.0,1,-42.0,7.0,-35.0,-28.0,-20.0,14.0,1021
2021-04-27,75.5,38.0,14.0,2.8,12.6,7.8,0.6,18.8,88.0,0,-41.0,9.0,-36.0,-29.0,-20.0,15.0,3637
2021-04-28,75.5,38.0,16.0,2.8,15.5,9.2,1.1,17.0,82.0,0,-39.0,12.0,-22.0,-27.0,-20.0,14.0,3888
2021-04-29,59.166666666666664,30.0,13.0,1.9,15.5,7.4,0.6,16.1,82.0,0,-37.0,20.0,-21.0,-26.0,-19.0,14.0,3102
2021-04-30,50.0,25.0,12.0,2.8,12.2,7.8,1.1,16.0,82.0,0,-35.0,27.0,-15.0,-22.0,-15.0,13.0,3036
2021-05-01,75.5,38.0,15.0,2.8,12.6,7.8,1.6,17.0,82.0,1,-29.0,27.0,-12.0,-22.0,-15.0,10.0,0
2021-05-02,113.25,57.0,20.0,2.8,17.1,7.4,1.1,17.0,82.0,1,-33.0,20.0,4.0,-23.0,4.0,8.0,3512
2021-05-03,147.95833333333331,74.0,32.0,4.6,8.6,16.5,1.6,18.0,87.0,1,-34.0,16.0,-25.0,-25.0,-19.0,13.0,650
2021-05-04,143.875,72.0,37.0,5.5,6.5,18.8,1.6,20.0,64.0,1,-35.0,16.0,-25.0,-26.0,-19.0,13.0,2724
2021-05-05,185.0,93.0,51.0,9.1,14.7,25.6,1.6,18.7,73.0,1,-35.0,17.0,-18.0,-25.0,-18.0,13.0,2599
2021-05-06,189.0,95.0,48.0,6.4,14.3,21.1,1.6,19.0,74.0,1,-30.0,31.0,-12.0,-22.0,-18.0,12.0,2400
2021-05-07,34.0,17.0,7.0,2.8,12.2,7.8,0.6,15.5,90.0,0,-30.0,36.0,-24.0,-19.0,-14.0,12.0,2513
2021-05-08,59.166666666666664,30.0,10.0,2.8,13.0,6.9,1.1,15.5,83.6,0,-15.0,51.0,-25.0,-6.0,4.0,7.0,1998
2021-05-09,67.33333333333333,34.0,12.0,2.8,15.5,5.5,1.1,16.9,82.0,0,-31.0,32.0,-25.0,-17.0,16.0,5.0,1285
2021-05-10,91.83333333333333,46.0,20.0,3.7,11.4,11.9,1.1,16.5,82.0,0,-34.0,19.0,-25.0,-24.0,-18.0,13.0,538
2021-05-11,135.70833333333331,68.0,31.0,4.6,9.8,17.9,1.1,17.0,82.0,0,-34.0,19.0,-23.0,-25.0,-18.0,13.0,2941
2021-05-12,91.83333333333333,46.0,15.0,2.8,10.2,11.9,0.6,16.1,86.4,0,-38.0,12.0,-32.0,-25.0,-19.0,14.0,2808
2021-05-13,42.0,21.0,10.0,2.8,12.6,9.2,0.6,14.8,84.3,0,-34.0,29.0,-26.0,-24.0,-18.0,13.0,2505
2021-05-14,67.33333333333333,34.0,15.0,2.8,12.2,10.1,1.1,16.0,87.0,0,-32.0,29.0,-10.0,-19.0,-14.0,13.0,3248
2021-05-15,105.08333333333333,53.0,20.0,3.7,11.4,11.0,1.6,16.6,82.3,0,-22.0,33.0,-18.0,-10.0,1.0,8.0,2732
2021-05-16,121.41666666666666,61.0,22.0,2.8,17.1,8.3,1.1,16.6,87.0,0,-32.0,21.0,-6.0,-20.0,6.0,9.0,0
2021-05-17,129.58333333333334,65.0,29.0,5.5,7.8,18.8,1.1,18.0,72.0,0,-34.0,18.0,-22.0,-23.0,-16.0,13.0,2254
2021-05-18,91.83333333333333,46.0,18.0,2.8,15.1,10.1,1.1,16.0,87.0,0,-36.0,16.0,-28.0,-25.0,-17.0,13.0,2621
2021-05-19,125.5,63.0,27.0,4.6,12.6,21.5,1.1,16.0,78.6,0,-34.0,20.0,-11.0,-26.0,-17.0,13.0,2830
2021-05-20,189.0,95.0,48.0,8.2,14.3,26.1,2.1,16.0,82.1,0,-30.0,33.0,-9.0,-22.0,-15.0,12.0,3067
2021-05-21,189.0,95.0,51.0,7.3,9.0,28.8,1.6,19.2,68.0,0,-31.0,29.0,0.0,-17.0,-11.0,12.0,2904
2021-05-22,125.5,63.0,30.0,5.5,8.2,18.8,1.1,17.2,82.0,0,-29.0,23.0,-41.0,-16.0,2.0,10.0,3164
2021-05-23,75.5,38.0,14.0,3.7,12.6,7.4,1.1,18.6,84.2,0,-34.0,18.0,-19.0,-22.0,6.0,9.0,914
2021-05-24,67.33333333333333,34.0,18.0,3.7,12.2,14.2,1.1,15.6,59.5,0,-34.0,19.0,-19.0,-22.0,-16.0,13.0,898
2021-05-25,169.0,85.0,46.0,9.1,5.3,31.1,2.1,14.0,68.6,0,-34.0,20.0,-21.0,-23.0,-15.0,13.0,2737
2021-05-26,177.0,89.0,45.0,7.3,15.1,27.0,1.6,15.1,81.1,0,-34.0,21.0,-11.0,-22.0,-15.0,13.0,3298
2021-05-27,185.0,93.0,49.0,9.1,4.5,28.4,1.6,18.8,68.0,0,-31.0,29.0,-9.0,-21.0,-14.0,12.0,2318
2021-05-28,155.0,78.0,43.0,7.3,13.9,22.9,1.6,21.3,57.0,0,-30.0,31.0,1.0,-17.0,-9.0,12.0,431
2021-05-29,109.16666666666667,55.0,32.0,4.6,17.5,10.1,0.6,23.0,64.0,0,-22.0,33.0,-9.0,-9.0,8.0,8.0,2125
2021-05-30,105.08333333333333,53.0,20.0,4.6,8.6,11.0,0.6,18.2,88.0,0,-34.0,19.0,-26.0,-25.0,6.0,9.0,1520
2021-05-31,91.83333333333333,46.0,16.0,4.6,5.3,16.0,1.1,17.0,88.0,0,-33.0,23.0,-29.0,-24.0,-14.0,13.0,996
2021-06-01,105.08333333333333,53.0,21.0,4.6,10.2,19.2,1.1,16.0,87.0,0,-31.0,28.0,-21.0,-22.0,-14.0,13.0,0
2021-06-02,71.04545454545455,76.0,36.0,6.4,8.2,24.7,1.1,19.0,64.5,0,-28.0,29.0,-5.0,-19.0,-13.0,12.0,6573
2021-06-03,185.0,93.0,45.0,8.2,18.7,21.5,1.1,17.7,77.0,1,-28.0,30.0,13.0,-36.0,-36.0,17.0,3499
2021-06-04,135.70833333333331,68.0,30.0,5.5,22.0,17.9,1.1,19.0,78.4,1,-28.0,37.0,5.0,-20.0,-16.0,13.0,1083
2021-06-05,125.5,63.0,29.0,4.6,13.9,15.6,1.1,20.0,67.5,1,-19.0,39.0,7.0,-7.0,7.0,7.0,3257
2021-06-06,143.875,72.0,31.0,4.6,15.1,13.8,1.1,19.0,69.9,1,-28.0,26.0,15.0,-16.0,8.0,7.0,1616
2021-06-07,100.0,50.0,16.0,3.7,13.9,12.4,1.1,17.7,88.0,1,-32.0,24.0,-28.0,-21.0,-14.0,12.0,748
2021-06-08,50.0,25.0,9.0,3.7,12.6,12.4,1.1,17.0,91.4,1,-31.0,28.0,-35.0,-22.0,-14.0,13.0,1331
2021-06-09,91.83333333333333,46.0,18.0,3.7,11.8,16.0,1.1,17.7,88.0,0,-28.0,30.0,-13.0,-19.0,-12.0,12.0,934
2021-06-10,129.58333333333334,65.0,28.0,5.5,7.0,18.3,1.1,18.0,88.0,0,-28.0,33.0,-21.0,-19.0,-13.0,12.0,3490
2021-06-11,91.83333333333333,46.0,16.0,3.7,6.5,15.1,0.6,17.0,88.0,0,-26.0,35.0,-13.0,-16.0,-9.0,12.0,3484
2021-06-12,105.08333333333333,53.0,19.0,5.5,11.8,12.8,1.1,14.3,87.0,0,-10.0,42.0,-2.0,-3.0,7.0,7.0,3307
2021-06-13,59.166666666666664,30.0,12.0,1.9,17.9,6.0,1.1,13.0,82.0,0,-25.0,24.0,4.0,-18.0,7.0,8.0,1198
2021-06-14,83.66666666666666,42.0,18.0,2.8,13.0,13.3,1.6,14.6,82.0,0,-31.0,21.0,-18.0,-22.0,-13.0,12.0,0
2021-06-15,125.5,63.0,27.0,3.7,10.6,16.5,1.1,15.0,85.4,0,-31.0,23.0,-20.0,-22.0,-12.0,12.0,4584
2021-06-16,67.33333333333333,34.0,15.0,2.8,16.3,9.2,0.6,14.0,85.0,0,-31.0,23.0,-14.0,-22.0,-13.0,12.0,3580
2021-06-17,50.0,25.0,10.0,2.8,13.9,11.5,1.1,13.2,87.0,0,-30.0,28.0,-16.0,-22.0,-13.0,12.0,0
2021-06-18,83.66666666666666,42.0,17.0,3.7,12.2,15.1,1.1,14.3,82.0,0,-29.0,29.0,-4.0,-18.0,-9.0,12.0,6862
2021-06-19,109.16666666666667,55.0,21.0,4.6,10.6,13.3,1.1,16.0,87.0,0,-21.0,32.0,-21.0,-9.0,6.0,8.0,2900
2021-06-20,117.33333333333333,59.0,23.0,4.6,14.3,9.2,0.6,16.0,84.9,0,-28.0,22.0,1.0,-21.0,6.0,8.0,1686
2021-06-21,67.33333333333333,34.0,12.0,2.8,13.9,13.3,1.1,14.0,87.0,0,-33.0,19.0,-27.0,-23.0,-13.0,12.0,926
2021-06-22,83.66666666666666,42.0,14.0,3.7,7.8,15.6,1.1,14.4,93.0,0,-35.0,18.0,-34.0,-26.0,-13.0,13.0,3720
2021-06-23,50.0,25.0,10.0,2.8,13.0,11.0,0.6,14.0,87.0,0,-32.0,21.0,-18.0,-23.0,-12.0,13.0,3172
2021-06-24,91.83333333333333,46.0,20.0,4.6,10.6,15.6,1.1,17.2,73.8,0,-28.0,31.0,-6.0,-21.0,-12.0,12.0,2808
2021-06-25,155.0,78.0,42.0,7.3,6.5,28.4,2.1,17.6,74.8,0,-29.0,30.0,0.0,-17.0,-7.0,11.0,3038
2021-06-26,163.0,82.0,40.0,6.4,11.4,21.5,1.1,21.0,68.2,0,-19.0,34.0,4.0,-7.0,9.0,6.0,2511
2021-06-27,129.58333333333334,65.0,33.0,5.5,14.7,12.8,1.1,20.0,60.0,0,-27.0,22.0,32.0,-18.0,8.0,6.0,1095
2021-06-28,135.70833333333331,68.0,32.0,6.4,11.8,16.5,1.1,16.0,75.6,0,-32.0,19.0,-17.0,-23.0,-12.0,11.0,568
2021-06-29,50.0,25.0,12.0,3.7,8.2,14.2,0.6,12.0,87.0,0,-37.0,13.0,-39.0,-29.0,-15.0,12.0,0
2021-06-30,83.66666666666666,42.0,18.0,2.8,9.8,15.1,1.1,8.8,70.0,0,-29.0,29.0,-17.0,-22.0,-12.0,12.0,4002
2021-07-01,100.0,50.0,20.0,2.8,12.6,13.8,1.6,12.0,82.0,0,-26.0,40.0,-13.0,-20.0,-12.0,12.0,2155
2021-07-02,129.58333333333334,65.0,30.0,6.4,9.0,22.0,1.6,15.0,67.0,0,-26.0,36.0,0.0,-15.0,-7.0,12.0,2413
2021-07-03,155.0,78.0,43.0,7.3,20.4,19.2,1.6,14.4,71.0,0,-15.0,42.0,-4.0,-5.0,9.0,7.0,2654
2021-07-04,105.08333333333333,53.0,20.0,2.8,22.0,6.4,1.1,14.0,85.3,0,-25.0,28.0,0.0,-19.0,8.0,8.0,706
2021-07-05,105.08333333333333,53.0,21.0,2.8,19.5,13.3,1.1,15.0,82.0,0,-27.0,27.0,-18.0,-20.0,-12.0,12.0,490
2021-07-06,100.0,50.0,20.0,2.8,16.3,11.9,1.1,14.0,82.0,0,-27.0,30.0,-21.0,-20.0,-12.0,12.0,2619
2021-07-07,91.83333333333333,46.0,20.0,2.8,13.9,14.2,1.1,14.9,83.3,0,-24.0,35.0,-7.0,-17.0,-12.0,11.0,2184
2021-07-08,117.33333333333333,59.0,26.0,3.7,15.1,16.0,1.1,14.0,82.0,0,-17.0,47.0,1.0,-13.0,-11.0,9.0,2230
2021-07-09,129.58333333333334,65.0,28.0,3.7,13.9,12.8,1.6,14.2,87.0,0,-32.0,26.0,21.0,-41.0,-55.0,20.0,2494
2021-07-10,155.0,78.0,38.0,5.5,12.2,19.7,1.6,16.7,61.1,0,-18.0,35.0,4.0,-7.0,2.0,6.0,711
2021-07-11,202.08333333333334,102.0,50.0,7.3,13.9,19.7,1.6,15.2,67.0,0,-25.0,22.0,27.0,-13.0,8.0,5.0,1013
2021-07-12,181.0,91.0,46.0,5.5,10.2,24.7,2.1,16.0,72.0,0,-26.0,28.0,-10.0,-18.0,-13.0,11.0,528
2021-07-13,155.0,78.0,45.0,6.4,10.2,24.3,2.1,18.0,57.6,0,-27.0,26.0,-10.0,-19.0,-13.0,11.0,1487
2021-07-14,177.0,89.0,54.0,10.0,7.0,28.8,2.1,18.7,55.0,0,-27.0,26.0,-1.0,-18.0,-12.0,11.0,2469
2021-07-15,173.0,87.0,55.0,10.0,6.5,28.4,2.1,19.2,54.1,0,-24.0,36.0,2.0,-20.0,-12.0,11.0,1780
2021-07-16,135.70833333333331,68.0,33.0,3.7,16.3,15.1,1.1,16.0,77.0,0,-26.0,33.0,-1.0,-14.0,-8.0,11.0,1623
2021-07-17,100.0,50.0,19.0,5.5,15.5,17.4,1.1,15.3,77.0,0,-18.0,35.0,-14.0,-6.0,9.0,7.0,2164
2021-07-18,113.25,57.0,21.0,4.6,15.1,11.0,0.6,16.5,77.0,0,-21.0,27.0,34.0,-13.0,10.0,6.0,294
2021-07-19,75.5,38.0,17.0,2.8,13.0,16.0,1.1,11.6,50.0,0,-27.0,25.0,-12.0,-19.0,-13.0,11.0,589
2021-07-20,121.41666666666666,61.0,32.0,5.5,11.8,19.2,1.6,11.0,61.0,0,-27.0,29.0,-18.0,-20.0,-13.0,12.0,830
2021-07-21,143.875,72.0,39.0,6.4,10.2,25.2,2.6,14.0,61.7,0,-26.0,29.0,-3.0,-17.0,-12.0,12.0,2706
2021-07-22,163.0,82.0,36.0,4.6,12.6,20.6,1.6,12.5,87.0,0,-24.0,36.0,-1.0,-17.0,-11.0,11.0,2060
2021-07-23,169.0,85.0,42.0,5.5,18.3,22.0,1.6,14.1,82.0,0,-25.0,34.0,8.0,-13.0,-7.0,11.0,2126
2021-07-24,197.0,99.0,50.0,8.2,9.8,24.3,2.1,17.2,63.0,0,-16.0,36.0,11.0,-2.0,10.0,6.0,0
2021-07-25,193.0,97.0,49.0,9.1,9.8,19.7,1.6,18.6,53.0,0,-22.0,27.0,44.0,-11.0,11.0,5.0,1430
2021-07-26,189.0,95.0,54.0,9.1,6.1,28.8,2.1,20.0,44.1,0,-28.0,25.0,-6.0,-18.0,-12.0,11.0,0
2021-07-27,61.02272727272727,76.0,52.0,5.5,18.7,20.2,1.6,18.0,48.0,0,-28.0,26.0,-9.0,-19.0,-11.0,11.0,2121
2021-07-28,50.0,25.0,9.0,3.7,11.0,12.4,0.6,11.0,91.0,0,-38.0,12.0,-41.0,-26.0,-14.0,15.0,0
2021-07-29,75.5,38.0,17.0,2.8,13.5,12.8,1.1,7.0,65.0,0,-26.0,35.0,-13.0,-18.0,-10.0,12.0,0
2021-07-30,91.83333333333333,46.0,20.0,2.8,13.9,12.8,1.1,8.2,77.6,0,-25.0,37.0,-9.0,-15.0,-6.0,12.0,5414
2021-07-31,83.66666666666666,42.0,19.0,2.8,16.7,9.6,1.1,11.0,81.0,0,-14.0,43.0,-16.0,-4.0,12.0,7.0,1630
2021-08-01,109.16666666666667,55.0,20.0,2.8,17.5,9.2,1.1,12.2,82.0,0,-21.0,34.0,-5.0,-14.0,11.0,8.0,575
2021-08-02,135.70833333333331,68.0,30.0,4.6,13.9,17.4,1.1,13.0,87.0,0,-24.0,32.0,-14.0,-14.0,-8.0,11.0,330
2021-08-03,75.5,38.0,16.0,2.8,16.7,10.1,0.6,12.5,85.5,0,-27.0,29.0,-25.0,-17.0,-8.0,11.0,1681
2021-08-04,75.5,38.0,18.0,2.8,17.9,11.0,1.1,12.0,82.0,0,-25.0,32.0,-9.0,-14.0,-7.0,11.0,1907
2021-08-05,100.0,50.0,20.0,3.7,15.9,11.9,1.6,14.1,84.5,0,-20.0,43.0,-7.0,-12.0,-6.0,10.0,0
2021-08-06,121.41666666666666,61.0,25.0,3.7,13.5,13.8,1.1,15.7,86.8,0,-16.0,49.0,7.0,-6.0,-2.0,9.0,3029
2021-08-07,129.58333333333334,65.0,27.0,4.6,12.2,14.2,1.6,15.7,84.3,0,-3.0,57.0,0.0,6.0,12.0,5.0,0
2021-08-08,135.70833333333331,68.0,27.0,4.6,11.4,11.9,1.6,17.0,72.0,0,-16.0,43.0,12.0,-5.0,15.0,3.0,0
2021-08-09,139.79166666666666,70.0,35.0,6.4,9.4,22.4,1.6,19.0,59.0,0,-23.0,34.0,-5.0,-12.0,-7.0,10.0,2572
2021-08-10,193.0,97.0,53.0,9.1,9.8,29.8,1.6,19.0,49.0,0,-23.0,34.0,-5.0,-12.0,-6.0,9.0,1709
2021-08-11,105.08333333333333,53.0,21.0,3.7,16.7,9.2,0.6,14.3,82.0,0,-26.0,29.0,-12.0,-13.0,-7.0,11.0,1298
2021-08-12,34.0,17.0,8.0,2.8,14.7,9.2,0.6,13.0,93.0,0,-24.0,36.0,-30.0,-13.0,-6.0,10.0,1692
2021-08-13,50.0,25.0,10.0,2.8,11.8,13.3,1.1,13.3,93.0,0,-26.0,32.0,-31.0,-11.0,-3.0,11.0,1674
2021-08-14,91.83333333333333,46.0,17.0,2.8,14.7,11.9,0.6,14.7,88.6,0,-11.0,41.0,-28.0,-1.0,12.0,6.0,1393
2021-08-15,125.5,63.0,24.0,3.7,13.5,10.6,1.1,15.5,87.0,0,-15.0,33.0,6.0,-8.0,13.0,6.0,649
2021-08-16,139.79166666666666,70.0,30.0,5.5,9.4,17.9,1.1,16.0,83.6,0,-28.0,25.0,-36.0,-15.0,-8.0,11.0,590
2021-08-17,135.70833333333331,68.0,38.0,7.3,11.4,24.3,1.6,20.3,62.0,0,-24.0,29.0,-26.0,-13.0,-7.0,10.0,1361
2021-08-18,206.25,104.0,54.0,9.1,11.0,30.2,1.6,23.6,54.7,0,-25.0,27.0,-16.0,-12.0,-4.0,10.0,1534
2021-08-19,193.0,97.0,54.0,8.2,11.8,29.3,1.6,22.4,46.0,0,-22.0,35.0,-13.0,-11.0,-4.0,9.0,1484
2021-08-20,177.0,89.0,53.0,8.2,15.1,26.6,1.6,22.0,44.0,0,-20.0,39.0,-6.0,-7.0,0.0,8.0,1575
2021-08-21,197.0,99.0,54.0,9.1,27.3,28.8,2.1,21.2,46.0,0,-11.0,40.0,-1.0,2.0,12.0,4.0,0
2021-08-22,189.0,95.0,51.0,4.6,21.6,17.4,2.1,22.0,37.0,0,-17.0,32.0,26.0,-7.0,12.0,4.0,0
2021-08-23,243.75,122.0,62.0,8.2,12.6,27.9,2.1,22.2,41.0,0,-26.0,28.0,-23.0,-12.0,-5.0,9.0,2283
2021-08-24,263.0,132.0,67.0,8.2,10.2,33.0,2.6,23.5,43.0,0,-27.0,27.0,-26.0,-16.0,-5.0,10.0,1615
2021-08-25,253.0,127.0,68.0,9.1,11.8,36.2,2.6,24.0,40.0,0,-26.0,28.0,-17.0,-12.0,-4.0,10.0,1366
2021-08-26,212.5,107.0,61.0,5.5,28.1,17.4,1.6,23.0,44.0,0,-24.0,35.0,-17.0,-11.0,-4.0,9.0,1476
2021-08-27,50.0,25.0,11.0,2.8,17.1,8.3,1.1,15.5,89.6,0,-26.0,31.0,-26.0,-10.0,0.0,10.0,1694
2021-08-28,50.0,25.0,9.0,3.7,15.9,10.1,0.6,15.0,89.0,0,-23.0,27.0,-54.0,-14.0,9.0,9.0,0
2021-08-29,59.166666666666664,30.0,10.0,2.8,19.1,5.5,0.6,16.0,88.0,0,-24.0,26.0,-38.0,-16.0,10.0,8.0,2168
2021-08-30,42.0,21.0,10.0,2.8,18.3,7.8,0.6,16.3,82.5,0,-26.0,28.0,-31.0,-13.0,-4.0,10.0,554
2021-08-31,59.166666666666664,30.0,12.0,2.8,16.3,7.8,1.1,17.0,82.0,0,-23.0,41.0,-31.0,-12.0,-3.0,9.0,1900
2021-09-01,75.5,38.0,16.0,2.8,14.3,11.5,1.1,16.7,82.0,0,-22.0,37.0,-19.0,-9.0,-3.0,9.0,1466
2021-09-02,113.25,57.0,24.0,3.7,11.4,16.0,1.1,18.0,72.0,0,-19.0,43.0,-15.0,-8.0,-2.0,8.0,1305
2021-09-03,135.70833333333331,68.0,37.0,5.5,13.5,21.5,1.1,21.0,60.0,0,-19.0,41.0,-7.0,-4.0,2.0,7.0,1640
2021-09-04,159.0,80.0,41.0,4.6,20.8,16.0,1.6,17.0,79.8,0,-12.0,41.0,-10.0,3.0,10.0,3.0,0
2021-09-05,135.70833333333331,68.0,28.0,3.7,19.1,9.6,1.1,18.0,73.0,0,-16.0,29.0,20.0,-7.0,10.0,4.0,2041
2021-09-06,125.5,63.0,22.0,2.8,25.6,8.7,0.6,18.0,82.0,0,-15.0,37.0,-11.0,-25.0,-33.0,11.0,418
2021-09-07,105.08333333333333,53.0,18.0,2.8,23.6,6.4,0.6,17.0,88.0,1,-33.0,8.0,21.0,-46.0,-67.0,19.0,853
2021-09-08,169.0,85.0,52.0,5.5,19.1,15.6,1.1,19.4,82.0,1,-25.0,33.0,-19.0,-9.0,-3.0,8.0,646
2021-09-09,125.5,63.0,27.0,4.6,19.1,16.5,0.6,21.0,82.0,1,-25.0,38.0,-28.0,-10.0,-3.0,9.0,269
2021-09-10,143.875,72.0,27.0,5.5,10.6,22.0,0.6,21.0,75.0,1,-21.0,37.0,-22.0,-6.0,2.0,9.0,146
2021-09-11,129.58333333333334,65.0,29.0,5.5,7.4,22.0,1.1,20.3,70.0,1,-8.0,42.0,-16.0,4.0,15.0,5.0,0
2021-09-12,155.0,78.0,30.0,4.6,15.9,14.7,1.6,19.0,77.0,1,-14.0,31.0,21.0,-4.0,12.0,5.0,217
2021-09-13,163.0,82.0,42.0,6.4,13.0,22.0,1.1,24.2,57.0,0,-23.0,29.0,-22.0,-9.0,-3.0,8.0,43
2021-09-14,189.0,95.0,53.0,4.6,24.0,16.5,1.1,24.7,47.0,0,-25.0,26.0,-29.0,-11.0,-4.0,9.0,180
2021-09-15,117.33333333333333,59.0,21.0,3.7,19.5,10.6,1.1,19.0,82.0,0,-26.0,26.0,-31.0,-11.0,-4.0,9.0,162
2021-09-16,50.0,25.0,8.0,1.9,15.5,9.2,0.6,17.0,88.0,0,-24.0,33.0,-32.0,-11.0,-4.0,9.0,0
2021-09-17,75.5,38.0,14.0,2.8,14.3,11.5,0.6,16.0,93.0,0,-21.0,34.0,-18.0,-6.0,0.0,8.0,0
2021-09-18,129.58333333333334,65.0,27.0,3.7,13.0,12.4,1.1,18.3,88.0,0,-9.0,37.0,-10.0,4.0,13.0,4.0,0
2021-09-19,169.0,85.0,39.0,4.6,15.9,14.2,1.1,19.0,82.0,0,-14.0,30.0,18.0,-5.0,10.0,4.0,8688
2021-09-20,173.0,87.0,40.0,4.6,19.9,16.0,1.1,21.9,77.0,0,-23.0,30.0,-23.0,-10.0,-3.0,8.0,77
2021-09-21,216.66666666666666,109.0,51.0,6.4,17.9,23.8,1.6,20.0,73.5,0,-27.0,24.0,-36.0,-12.0,-3.0,9.0,391
2021-09-22,59.166666666666664,30.0,15.0,1.9,20.4,8.3,1.1,13.1,85.3,0,-26.0,26.0,-32.0,-12.0,-1.0,10.0,340
2021-09-23,67.33333333333333,34.0,18.0,1.9,19.5,8.3,1.1,14.0,76.0,0,-21.0,37.0,-20.0,-9.0,0.0,8.0,294
2021-09-24,117.33333333333333,59.0,29.0,2.8,18.3,12.4,1.1,15.0,82.0,0,-21.0,34.0,-12.0,-6.0,4.0,8.0,408
2021-09-25,139.79166666666666,70.0,29.0,2.8,19.5,12.4,1.1,17.0,83.0,0,-15.0,31.0,-34.0,-2.0,13.0,6.0,0
2021-09-26,155.0,78.0,34.0,3.7,19.1,11.0,1.1,20.6,63.6,0,-15.0,30.0,4.0,-4.0,12.0,5.0,0
2021-09-27,177.0,89.0,43.0,5.5,16.7,24.7,2.1,20.7,64.0,0,-25.0,27.0,-23.0,-11.0,-1.0,9.0,0
2021-09-28,155.0,78.0,41.0,4.6,17.1,22.4,2.1,23.3,46.0,0,-26.0,25.0,-26.0,-12.0,-1.0,9.0,843
2021-09-29,155.0,78.0,37.0,2.8,22.0,11.5,1.1,18.8,78.0,0,-26.0,25.0,-24.0,-11.0,0.0,9.0,232
2021-09-30,109.16666666666667,55.0,19.0,2.8,23.6,9.2,0.6,17.0,82.0,0,-19.0,42.0,-21.0,-8.0,1.0,8.0,0
2021-10-01,105.08333333333333,53.0,20.0,4.6,12.6,17.9,0.6,18.6,85.0,0,-21.0,35.0,-25.0,-6.0,4.0,8.0,658
2021-10-02,129.58333333333334,65.0,26.0,6.4,11.4,20.6,1.1,20.0,82.0,0,-6.0,43.0,-24.0,5.0,15.0,5.0,0
2021-10-03,153.0,77.0,30.5,6.8,11.8,17.6,0.6,19.7,88.0,0,-19.0,29.0,-27.0,-12.0,10.0,6.0,0
2021-10-04,100.0,50.0,16.0,3.7,14.3,16.5,1.1,18.8,89.0,0,-26.0,25.0,-37.0,-12.0,-1.0,9.0,0
2021-10-05,59.166666666666664,30.0,10.0,2.8,16.7,11.0,0.6,16.0,90.7,0,-22.0,31.0,-36.0,-11.0,-1.0,9.0,0
2021-10-06,83.66666666666666,42.0,14.0,2.8,17.1,11.0,0.6,18.0,88.0,0,-18.0,35.0,-18.0,-7.0,1.0,8.0,0
2021-10-07,91.83333333333333,46.0,15.0,2.8,13.0,11.9,0.6,17.0,88.0,0,-16.0,44.0,-25.0,-6.0,1.0,7.0,0
2021-10-08,67.33333333333333,34.0,12.0,2.8,17.1,9.6,0.6,15.3,87.0,0,-13.0,44.0,-11.0,-1.0,5.0,6.0,0
2021-10-09,59.166666666666664,30.0,10.0,2.8,14.7,9.6,0.6,15.2,92.8,0,-10.0,36.0,-46.0,2.0,10.0,5.0,0
2021-10-10,50.0,25.0,8.0,1.9,14.7,6.4,0.6,16.0,93.0,0,-18.0,26.0,-50.0,-16.0,8.0,7.0,0
2021-10-11,42.0,21.0,9.0,2.8,12.2,10.1,0.6,16.6,93.0,0,-8.0,36.0,-38.0,-24.0,-32.0,12.0,0
2021-10-12,67.33333333333333,34.0,12.0,2.8,19.1,7.4,0.6,17.5,89.0,1,-24.0,13.0,-7.0,-49.0,-67.0,19.0,2373
2021-10-13,109.16666666666667,55.0,20.0,2.8,18.3,12.4,0.6,17.7,89.9,1,-23.0,27.0,-20.0,-7.0,-1.0,8.0,55
2021-10-14,113.25,57.0,26.0,3.7,17.9,17.4,1.1,20.3,81.9,1,-21.0,33.0,-22.0,-7.0,1.0,8.0,483
2021-10-15,105.08333333333333,53.0,20.0,3.7,24.4,20.6,1.1,20.0,78.5,1,-20.0,32.0,-16.0,-4.0,4.0,8.0,327
2021-10-16,59.166666666666664,30.0,10.0,2.8,21.6,8.7,0.6,19.0,88.0,1,-9.0,36.0,-28.0,3.0,16.0,5.0,0
2021-10-17,50.0,25.0,8.0,1.9,17.9,5.5,0.6,16.1,93.0,1,-17.0,28.0,-35.0,-10.0,11.0,7.0,0
2021-10-18,42.0,21.0,9.0,2.8,13.9,10.6,0.6,16.0,93.0,0,-28.0,20.0,-44.0,-12.0,-2.0,10.0,361
2021-10-19,34.0,17.0,7.0,1.9,16.3,9.6,0.6,15.0,93.0,0,-26.0,22.0,-42.0,-11.0,-1.0,9.0,376
2021-10-20,59.166666666666664,30.0,10.0,2.8,17.9,9.6,0.6,13.0,93.0,0,-21.0,32.0,-28.0,-8.0,0.0,9.0,440
2021-10-21,83.66666666666666,42.0,14.0,2.8,18.7,10.6,1.1,14.6,87.0,0,-16.0,42.0,-18.0,-5.0,2.0,7.0,475
2021-10-22,105.08333333333333,53.0,20.0,2.8,16.7,14.7,1.1,16.0,82.0,0,-15.0,38.0,-5.0,-1.0,6.0,7.0,373
2021-10-23,121.41666666666666,61.0,30.0,4.6,18.3,18.8,1.1,23.2,60.0,0,-3.0,39.0,5.0,10.0,17.0,3.0,0
2021-10-24,67.33333333333333,34.0,10.0,2.8,26.0,6.4,0.6,17.8,90.0,0,-21.0,23.0,-46.0,-14.0,9.0,7.0,0
2021-10-25,83.66666666666666,42.0,20.0,2.8,19.1,11.0,0.6,17.0,87.0,0,-21.0,30.0,-29.0,-7.0,2.0,8.0,479
2021-10-26,113.25,57.0,20.0,3.7,15.5,12.4,1.1,17.1,91.5,0,-22.0,26.0,-29.0,-7.0,1.0,8.0,353
2021-10-27,113.25,57.0,20.0,3.7,14.7,12.8,0.6,19.0,93.0,0,-23.0,23.0,-27.0,-6.0,1.0,8.0,170
2021-10-28,83.66666666666666,42.0,14.0,3.7,11.4,13.3,1.1,19.0,88.7,0,-17.0,38.0,-23.0,-4.0,2.0,7.0,259
2021-10-29,100.0,50.0,18.0,2.8,10.6,11.0,1.1,18.0,85.1,0,-13.0,43.0,-11.0,1.0,6.0,6.0,390
2021-10-30,91.83333333333333,46.0,15.0,2.8,15.9,7.4,1.1,17.7,88.0,0,-4.0,44.0,-16.0,10.0,15.0,3.0,0
2021-10-31,91.83333333333333,46.0,14.0,2.8,12.6,9.2,0.6,17.9,88.0,0,-15.0,27.0,-37.0,-6.0,10.0,6.0,0
2021-11-01,50.0,25.0,10.0,2.8,14.7,9.2,1.1,17.6,88.0,0,-9.0,38.0,-26.0,-23.0,-30.0,12.0,0
2021-11-02,50.0,25.0,8.0,1.9,14.7,4.6,0.6,18.0,88.0,0,-32.0,11.0,-9.0,-49.0,-67.0,20.0,0
2021-11-03,59.166666666666664,30.0,11.0,2.8,13.5,7.8,0.6,18.3,85.2,0,-21.0,31.0,-20.0,-2.0,4.0,6.0,414
2021-11-04,109.16666666666667,55.0,21.0,3.7,12.6,14.2,1.1,20.5,80.8,0,-15.0,41.0,-10.0,-1.0,5.0,6.0,0
2021-11-05,129.58333333333334,65.0,26.0,3.7,11.4,12.8,1.6,18.0,82.0,0,-12.0,42.0,-4.0,4.0,10.0,5.0,0
2021-11-06,113.25,57.0,21.0,2.8,17.9,10.6,1.1,17.2,72.0,0,1.0,45.0,-4.0,15.0,19.0,3.0,0
2021-11-07,91.83333333333333,46.0,16.0,1.9,18.7,5.1,1.1,17.8,72.0,0,-3.0,40.0,21.0,3.0,14.0,3.0,818
2021-11-08,75.5,38.0,16.0,1.9,12.6,9.2,1.1,18.0,77.0,0,-17.0,36.0,-23.0,-2.0,5.0,6.0,7
2021-11-09,67.33333333333333,34.0,12.0,2.8,11.0,9.6,1.1,17.9,82.0,0,-17.0,37.0,-28.0,-3.0,5.0,6.0,185
2021-11-10,67.33333333333333,34.0,14.0,2.8,15.9,8.7,1.1,17.7,82.0,0,-16.0,36.0,-16.0,-1.0,5.0,6.0,0
2021-11-11,59.166666666666664,30.0,11.0,2.8,11.8,11.9,0.6,16.0,90.0,0,-18.0,35.0,-30.0,-2.0,5.0,6.0,439
2021-11-12,50.0,25.0,11.0,1.9,13.0,7.4,0.6,15.0,82.0,0,-13.0,41.0,-15.0,3.0,9.0,5.0,0
2021-11-13,59.166666666666664,30.0,13.0,1.9,16.7,6.0,1.1,14.4,76.0,0,-1.0,41.0,-14.0,15.0,14.0,2.0,0
2021-11-14,75.5,38.0,14.0,1.9,18.7,6.0,1.1,16.0,76.0,0,-3.0,33.0,15.0,5.0,12.0,3.0,0
2021-11-15,113.25,57.0,20.0,2.8,22.0,8.7,1.6,18.8,76.0,0,-27.0,11.0,27.0,-44.0,-67.0,16.0,0
2021-11-16,117.33333333333333,59.0,28.0,3.7,20.4,17.0,1.6,20.0,68.5,0,-20.0,30.0,-25.0,-2.0,5.0,5.0,0
2021-11-17,135.70833333333331,68.0,36.0,3.7,26.4,22.4,1.6,24.0,50.3,0,-17.0,31.0,-10.0,0.0,6.0,6.0,0
2021-11-18,117.33333333333333,59.0,26.0,4.6,12.6,19.2,1.1,22.0,78.0,0,-21.0,27.0,-33.0,-2.0,6.0,7.0,1399
2021-11-19,50.0,25.0,9.0,2.8,12.6,11.5,0.6,19.0,92.4,0,-17.0,35.0,-26.0,0.0,9.0,7.0,0
2021-11-20,50.0,25.0,9.0,1.9,16.3,6.4,0.6,17.0,87.0,0,-1.0,42.0,-29.0,7.0,10.0,5.0,0
2021-11-21,91.83333333333333,46.0,16.0,1.9,15.9,5.5,0.6,15.7,82.0,0,-2.0,40.0,-9.0,5.0,14.0,4.0,0
2021-11-22,100.0,50.0,20.0,2.8,13.0,15.1,1.1,20.0,57.0,0,-14.0,36.0,-17.0,0.0,6.0,6.0,0
2021-11-23,121.41666666666666,61.0,33.0,4.6,34.6,21.5,1.6,22.3,47.3,0,-14.0,32.0,-19.0,-1.0,6.0,6.0,828
2021-11-24,105.08333333333333,53.0,25.0,2.8,22.4,8.3,0.6,18.6,82.0,0,-15.0,31.0,-16.0,0.0,7.0,6.0,147
2021-11-25,139.79166666666666,70.0,34.0,3.7,19.9,16.5,1.1,21.5,79.2,0,-9.0,45.0,-9.0,3.0,8.0,5.0,0
2021-11-26,100.0,50.0,20.0,3.7,19.9,14.7,1.1,21.1,77.0,0,-9.0,52.0,-17.0,4.0,11.0,4.0,0
2021-11-27,75.5,38.0,13.0,2.8,24.4,6.9,0.6,21.5,78.6,0,0.0,40.0,-12.0,16.0,20.0,2.0,0
2021-11-28,121.41666666666666,61.0,23.0,3.7,24.0,9.6,0.6,21.0,77.0,0,-2.0,37.0,12.0,8.0,16.0,2.0,0
2021-11-29,113.25,57.0,28.0,4.6,19.5,15.6,1.1,26.0,61.4,0,-16.0,31.0,-20.0,-1.0,6.0,6.0,0
2021-11-30,67.33333333333333,34.0,14.0,3.7,17.5,11.9,0.6,21.0,81.8,0,-14.0,35.0,-30.0,-2.0,6.0,6.0,0
2021-12-01,109.16666666666667,55.0,19.0,3.7,15.5,11.9,1.1,20.0,88.0,0,-11.0,41.0,-16.0,2.0,7.0,5.0,0
2021-12-02,91.83333333333333,46.0,17.0,2.8,14.3,9.2,1.1,18.7,87.3,0,-8.0,47.0,-14.0,2.0,7.0,5.0,0
2021-12-03,59.166666666666664,30.0,12.0,2.8,11.4,7.8,0.6,17.5,88.0,0,-8.0,44.0,-6.0,6.0,11.0,4.0,0
2021-12-04,75.5,38.0,15.0,1.9,17.1,6.9,1.1,18.9,82.0,0,7.0,47.0,-1.0,23.0,20.0,1.0,0
2021-12-05,100.0,50.0,18.0,1.9,18.7,6.4,0.6,20.0,78.6,0,4.0,43.0,18.0,13.0,19.0,2.0,0
2021-12-06,91.83333333333333,46.0,17.0,1.9,15.5,8.7,1.1,19.8,77.0,0,-10.0,38.0,-23.0,1.0,5.0,6.0,1554
2021-12-07,42.0,21.0,10.0,1.9,11.0,7.4,0.6,16.6,88.0,0,-16.0,33.0,-40.0,-5.0,5.0,7.0,0
2021-12-08,42.0,21.0,11.0,1.9,13.0,6.9,0.6,16.0,85.5,0,-5.0,43.0,-19.0,2.0,6.0,6.0,0
2021-12-09,50.0,25.0,13.0,1.9,12.6,7.8,1.1,16.5,82.0,0,-2.0,51.0,-11.0,4.0,8.0,5.0,0
2021-12-10,83.66666666666666,42.0,17.0,2.8,11.8,12.4,1.1,18.6,72.0,0,-3.0,46.0,4.0,8.0,11.0,4.0,0
2021-12-11,109.16666666666667,55.0,25.0,2.8,21.2,15.1,1.1,23.0,45.0,0,9.0,47.0,7.0,26.0,24.0,0.0,0
2021-12-12,121.41666666666666,61.0,30.0,3.7,21.2,13.3,1.1,23.0,67.0,0,4.0,41.0,13.0,15.0,24.0,1.0,0
2021-12-13,100.0,50.0,19.0,5.5,8.6,18.3,1.1,21.6,82.0,0,-14.0,27.0,-30.0,-2.0,3.0,7.0,0
2021-12-14,105.08333333333333,53.0,18.0,4.6,9.0,14.7,0.6,22.0,88.0,0,-9.0,36.0,-30.0,-3.0,2.0,7.0,0
2021-12-15,75.5,38.0,14.0,5.5,8.2,15.6,0.6,21.5,93.0,0,-9.0,29.0,-30.0,-1.0,2.0,7.0,0
2021-12-16,91.83333333333333,46.0,16.0,4.6,13.9,13.3,0.6,22.4,88.0,0,3.0,52.0,-14.0,2.0,2.0,5.0,0
2021-12-17,59.166666666666664,30.0,10.0,2.8,11.0,7.8,0.6,21.0,88.0,0,-2.0,44.0,-12.0,4.0,5.0,5.0,0
2021-12-18,42.0,21.0,9.0,1.9,11.4,5.1,0.6,19.4,88.0,0,12.0,50.0,-12.0,23.0,21.0,1.0,0
2021-12-19,42.0,21.0,9.0,1.9,13.5,4.2,0.6,17.1,88.0,0,14.0,48.0,-10.0,14.0,28.0,2.0,0
2021-12-20,67.33333333333333,34.0,16.0,1.9,16.3,8.7,1.1,19.0,80.3,0,9.0,54.0,-11.0,-2.0,-5.0,6.0,0
2021-12-21,105.08333333333333,53.0,24.0,3.7,22.4,12.8,1.1,21.0,82.0,0,7.0,53.0,-14.0,-3.0,-8.0,6.0,0
2021-12-22,135.70833333333331,68.0,33.0,4.6,24.4,19.2,1.1,22.0,76.7,0,5.0,57.0,-14.0,-4.0,-11.0,6.0,0
2021-12-23,59.166666666666664,30.0,15.0,1.9,16.3,5.5,0.6,18.0,87.0,0,10.0,93.0,-12.0,-5.0,-19.0,6.0,0
2021-12-24,42.0,21.0,10.0,1.9,14.3,4.2,0.6,17.0,82.0,0,-32.0,64.0,-39.0,-35.0,-55.0,15.0,0
2021-12-25,67.33333333333333,34.0,15.0,1.9,15.9,4.6,1.1,18.4,80.2,0,-73.0,-57.0,-37.0,-51.0,-60.0,7.0,0
2021-12-26,75.5,38.0,16.0,1.9,19.5,6.0,1.1,23.0,57.2,0,-23.0,19.0,6.0,-14.0,1.0,4.0,0
2021-12-27,105.08333333333333,53.0,20.0,3.7,16.3,14.2,1.1,21.5,73.0,0,-19.0,27.0,-35.0,-25.0,-31.0,12.0,0
2021-12-28,100.0,50.0,18.0,3.7,14.7,18.3,1.1,20.4,83.5,0,-20.0,29.0,-37.0,-25.0,-31.0,13.0,0
2021-12-29,117.33333333333333,59.0,21.0,2.8,24.0,10.6,1.1,20.1,86.5,0,-18.0,36.0,-23.0,-23.0,-32.0,12.0,0
2021-12-30,83.66666666666666,42.0,14.0,2.8,18.7,10.6,1.1,19.7,88.0,0,-21.0,57.0,-41.0,-26.0,-39.0,11.0,0
2021-12-31,42.0,21.0,9.0,3.7,11.8,10.6,0.6,19.5,92.0,0,-55.0,36.0,-61.0,-50.0,-66.0,19.0,0
2022-01-01,91.83333333333333,46.0,14.0,3.7,11.8,7.4,0.6,21.6,82.1,1,-78.0,-69.0,-62.0,-59.0,-64.0,9.0,0
2022-01-02,59.166666666666664,30.0,12.0,2.8,11.8,6.9,0.6,22.0,88.0,1,-37.0,6.0,-33.0,-22.0,-7.0,5.0,0
